name,check_in,check_out,adults,rooms,provider,reviews,rating,price,features,url
Crowne Plaza HY36 Midtown Manhattan,2017-12-09,2017_12_10,2,1,CrownePlaza.com,78,5,499,"['Free High Speed Internet ( WiFi )', 'Fitness Center with Gym / Workout Room', 'Children Activities (Kid / Family Friendly)', 'Dry Cleaning', 'Meeting Rooms', 'Business Center with Internet Access', 'Concierge', 'Multilingual Staff', 'Air Conditioning', 'Refrigerator in room', 'Fitness Center with Gym / Workout Room']",/Hotel_Review-g60763-d11854022-Reviews-Crowne_Plaza_HY36_Midtown_Manhattan-New_York_City_New_York.html
Hotel 50 Bowery NYC,2017-12-09,2017_12_10,2,1,TripAdvisor,463,5,399,"['Bar/Lounge', 'Fitness Center with Gym / Workout Room', 'Free High Speed Internet ( WiFi )', 'Dry Cleaning', 'Meeting Rooms', 'Laundry Service', 'Concierge', 'Breakfast Available', 'Air Conditioning', 'Minibar', 'Bar/Lounge', 'Fitness Center with Gym / Workout Room']",/Hotel_Review-g60763-d10066892-Reviews-Hotel_50_Bowery_NYC-New_York_City_New_York.html
Hotel Elysee by Library Hotel Collection,2017-12-09,2017_12_10,2,1,TripAdvisor,"4,048",4.5,602,"['Room Service', 'Free High Speed Internet ( WiFi )', 'Restaurant', 'Bar/Lounge', 'Breakfast included', 'Room Service', 'Breakfast included', 'Dry Cleaning', 'Meeting Rooms', 'Business Center with Internet Access', 'Laundry Service', 'Concierge', 'Multilingual Staff', 'Breakfast Available', 'Air Conditioning', 'Minibar', 'Restaurant', 'Bar/Lounge']",/Hotel_Review-g60763-d93340-Reviews-Hotel_Elysee_by_Library_Hotel_Collection-New_York_City_New_York.html
The Broome,2017-12-09,2017_12_10,2,1,Priceline,485,5,530,"['Free High Speed Internet ( WiFi )', 'Breakfast included', 'Breakfast included', 'Dry Cleaning', 'Laundry Service', 'Concierge', 'Multilingual Staff', 'Air Conditioning', 'Minibar']",/Hotel_Review-g60763-d5072714-Reviews-The_Broome-New_York_City_New_York.html
The Bryant Park Hotel,2017-12-09,2017_12_10,2,1,HotelQuickly,"3,715",4.5,608,"['Restaurant', 'Room Service', 'Fitness Center with Gym / Workout Room', 'Bar/Lounge', 'Free High Speed Internet ( WiFi )', 'Room Service', 'Business Center with Internet Access', 'Dry Cleaning', 'Meeting Rooms', 'Laundry Service', 'Concierge', 'Multilingual Staff', 'Conference Facilities', 'Air Conditioning', 'Minibar', 'Restaurant', 'Fitness Center with Gym / Workout Room', 'Bar/Lounge']",/Hotel_Review-g60763-d224214-Reviews-The_Bryant_Park_Hotel-New_York_City_New_York.html
"The Beekman, A Thompson Hotel",2017-12-09,2017_12_10,2,1,The Beekman,510,5,441,"['Room Service', 'Restaurant', 'Bar/Lounge', 'Free High Speed Internet ( WiFi )', 'Fitness Center with Gym / Workout Room', 'Children Activities (Kid / Family Friendly)', 'Room Service', 'Dry Cleaning', 'Meeting Rooms', 'Business Center with Internet Access', 'Laundry Service', 'Concierge', 'Multilingual Staff', 'Banquet Room', 'Air Conditioning', 'Minibar', 'Restaurant', 'Bar/Lounge', 'Fitness Center with Gym / Workout Room']",/Hotel_Review-g60763-d8615610-Reviews-The_Beekman_A_Thompson_Hotel-New_York_City_New_York.html
NobleDEN Hotel,2017-12-09,2017_12_10,2,1,Hotwire.com,720,4.5,432,"['Free High Speed Internet ( WiFi )', 'Multilingual Staff', 'Air Conditioning']",/Hotel_Review-g60763-d7363884-Reviews-NobleDEN_Hotel-New_York_City_New_York.html
Four Seasons Hotel New York Downtown,2017-12-09,2017_12_10,2,1,Orbitz.com,337,4.5,750,"['Pool', 'Room Service', 'Restaurant', 'Bar/Lounge', 'Spa', 'Free High Speed Internet ( WiFi )', 'Fitness Center with Gym / Workout Room', 'Room Service', 'Dry Cleaning', 'Meeting Rooms', 'Business Center with Internet Access', 'Laundry Service', 'Concierge', 'Banquet Room', 'Conference Facilities', 'Airport Transportation', 'Multilingual Staff', 'Breakfast Available', 'Air Conditioning', 'Minibar', 'Pool', 'Restaurant', 'Bar/Lounge', 'Spa', 'Fitness Center with Gym / Workout Room', 'Heated pool', 'Indoor pool']",/Hotel_Review-g60763-d10330604-Reviews-Four_Seasons_Hotel_New_York_Downtown-New_York_City_New_York.html
"The Langham, New York, Fifth Avenue",2017-12-09,2017_12_10,2,1,Agoda.com,"2,268",4.5,761,"['Restaurant', 'Fitness Center with Gym / Workout Room', 'Room Service', 'Free High Speed Internet ( WiFi )', 'Spa', 'Room Service', 'Children Activities (Kid / Family Friendly)', 'Airport Transportation', 'Dry Cleaning', 'Meeting Rooms', 'Business Center with Internet Access', 'Laundry Service', 'Concierge', 'Multilingual Staff', 'Conference Facilities', 'Breakfast Available', 'Banquet Room', 'Babysitting', 'Air Conditioning', 'Refrigerator in room', 'Minibar', 'Restaurant', 'Fitness Center with Gym / Workout Room', 'Spa']",/Hotel_Review-g60763-d1776857-Reviews-The_Langham_New_York_Fifth_Avenue-New_York_City_New_York.html
LUMA Hotel Times Square,2017-12-09,2017_12_10,2,1,Booking.com,219,4.5,680,"['Restaurant', 'Bar/Lounge', 'Free High Speed Internet ( WiFi )', 'Room Service', 'Laundry Service', 'Concierge', 'Room Service', 'Dry Cleaning', 'Multilingual Staff', 'Breakfast Available', 'Air Conditioning', 'Refrigerator in room', 'Minibar', 'Restaurant', 'Bar/Lounge']",/Hotel_Review-g60763-d10679074-Reviews-LUMA_Hotel_Times_Square-New_York_City_New_York.html
The Roxy Hotel Tribeca,2017-12-09,2017_12_10,2,1,Priceline,553,4.5,420,"['Restaurant', 'Room Service', 'Free High Speed Internet ( WiFi )', 'Fitness Center with Gym / Workout Room', 'Bar/Lounge', 'Room Service', 'Dry Cleaning', 'Meeting Rooms', 'Business Center with Internet Access', 'Laundry Service', 'Concierge', 'Multilingual Staff', 'Conference Facilities', 'Air Conditioning', 'Minibar', 'Restaurant', 'Fitness Center with Gym / Workout Room', 'Bar/Lounge']",/Hotel_Review-g60763-d208455-Reviews-The_Roxy_Hotel_Tribeca-New_York_City_New_York.html
Baccarat Hotel & Residences New York,2017-12-09,2017_12_10,2,1,Orbitz.com,419,4.5,1375,"['Free High Speed Internet ( WiFi )', 'Pool', 'Room Service', 'Restaurant', 'Bar/Lounge', 'Spa', 'Fitness Center with Gym / Workout Room', 'Room Service', 'Airport Transportation', 'Dry Cleaning', 'Meeting Rooms', 'Business Center with Internet Access', 'Laundry Service', 'Concierge', 'Multilingual Staff', 'Breakfast Available', 'Banquet Room', 'Babysitting', 'Air Conditioning', 'Refrigerator in room', 'Minibar', 'Pool', 'Restaurant', 'Bar/Lounge', 'Spa', 'Fitness Center with Gym / Workout Room', 'Heated pool', 'Indoor pool']",/Hotel_Review-g60763-d7314002-Reviews-Baccarat_Hotel_Residences_New_York-New_York_City_New_York.html
The French Quarters Guest Apartments,2017-12-09,2017_12_10,2,1,Booking.com,"1,147",4.5,339,"['Restaurant', 'Bar/Lounge', 'Free High Speed Internet ( WiFi )', 'Breakfast included', 'Breakfast included', 'Dry Cleaning', 'Laundry Service', 'Air Conditioning', 'Refrigerator in room', 'Restaurant', 'Bar/Lounge']",/Hotel_Review-g60763-d1415127-Reviews-The_French_Quarters_Guest_Apartments-New_York_City_New_York.html
1 Hotel Central Park,2017-12-09,2017_12_10,2,1,Travelocity,"1,389",4.5,759,"['Free High Speed Internet ( WiFi )', 'Room Service', 'Restaurant', 'Bar/Lounge', 'Fitness Center with Gym / Workout Room', 'Room Service', 'Dry Cleaning', 'Meeting Rooms', 'Business Center with Internet Access', 'Laundry Service', 'Concierge', 'Air Conditioning', 'Minibar', 'Restaurant', 'Bar/Lounge', 'Fitness Center with Gym / Workout Room']",/Hotel_Review-g60763-d6883205-Reviews-1_Hotel_Central_Park-New_York_City_New_York.html
Q&A Residential Hotel,2017-12-09,2017_12_10,2,1,Booking.com,480,4.5,329,"['Free High Speed Internet ( WiFi )', 'Fitness Center with Gym / Workout Room', 'Dry Cleaning', 'Meeting Rooms', 'Laundry Service', 'Self-Serve Laundry', 'Business Center with Internet Access', 'Concierge', 'Air Conditioning', 'Microwave', 'Refrigerator in room', 'Fitness Center with Gym / Workout Room']",/Hotel_Review-g60763-d8501479-Reviews-Q_A_Residential_Hotel-New_York_City_New_York.html
Park Hyatt New York,2017-12-09,2017_12_10,2,1,Hyatt.com,"1,512",4.5,1275,"['Free High Speed Internet ( WiFi )', 'Fitness Center with Gym / Workout Room', 'Room Service', 'Room Service', 'Dry Cleaning', 'Meeting Rooms', 'Laundry Service', 'Concierge', 'Banquet Room', 'Multilingual Staff', 'Conference Facilities', 'Babysitting', 'Breakfast Available', 'Air Conditioning', 'Refrigerator in room', 'Minibar', 'Fitness Center with Gym / Workout Room', 'Hot Tub', 'Heated pool', 'Indoor pool']",/Hotel_Review-g60763-d6582176-Reviews-Park_Hyatt_New_York-New_York_City_New_York.html
The Kimberly Hotel,2017-12-09,2017_12_10,2,1,Hotwire.com,"1,903",4.5,432,"['Room Service', 'Restaurant', 'Bar/Lounge', 'Fitness Center with Gym / Workout Room', 'Room Service', 'Business Center with Internet Access', 'Meeting Rooms', 'Laundry Service', 'Concierge', 'Banquet Room', 'Dry Cleaning', 'Multilingual Staff', 'Conference Facilities', 'Air Conditioning', 'Microwave', 'Refrigerator in room', 'Minibar', 'Restaurant', 'Bar/Lounge', 'Fitness Center with Gym / Workout Room']",/Hotel_Review-g60763-d93335-Reviews-The_Kimberly_Hotel-New_York_City_New_York.html
The Pearl Hotel,2017-12-09,2017_12_10,2,1,Travelocity,"2,416",4.5,670,"['Free High Speed Internet ( WiFi )', 'Fitness Center with Gym / Workout Room', 'Breakfast included', 'Restaurant', 'Bar/Lounge', 'Room Service', 'Breakfast included', 'Dry Cleaning', 'Laundry Service', 'Concierge', 'Multilingual Staff', 'Breakfast Available', 'Room Service', 'Meeting Rooms', 'Business Center with Internet Access', 'Babysitting', 'Air Conditioning', 'Microwave', 'Fitness Center with Gym / Workout Room', 'Restaurant', 'Bar/Lounge']",/Hotel_Review-g60763-d1888977-Reviews-The_Pearl_Hotel-New_York_City_New_York.html
Refinery Hotel,2017-12-09,2017_12_10,2,1,Priceline,"4,174",4.5,559,"['Restaurant', 'Room Service', 'Free High Speed Internet ( WiFi )', 'Fitness Center with Gym / Workout Room', 'Room Service', 'Dry Cleaning', 'Meeting Rooms', 'Laundry Service', 'Concierge', 'Multilingual Staff', 'Air Conditioning', 'Minibar', 'Restaurant', 'Fitness Center with Gym / Workout Room']",/Hotel_Review-g60763-d3344640-Reviews-Refinery_Hotel-New_York_City_New_York.html
EVEN Hotel New York - Midtown East,2017-12-09,2017_12_10,2,1,Even Hotels,393,4.5,389,"['Restaurant', 'Bar/Lounge', 'Free High Speed Internet ( WiFi )', 'Fitness Center with Gym / Workout Room', 'Dry Cleaning', 'Business Center with Internet Access', 'Laundry Service', 'Meeting Rooms', 'Air Conditioning', 'Restaurant', 'Bar/Lounge', 'Fitness Center with Gym / Workout Room']",/Hotel_Review-g60763-d10131859-Reviews-EVEN_Hotel_New_York_Midtown_East-New_York_City_New_York.html
The Mark,2017-12-09,2017_12_10,2,1,TripAdvisor,746,4.5,945,"['Room Service', 'Restaurant', 'Free High Speed Internet ( WiFi )', 'Fitness Center with Gym / Workout Room', 'Bar/Lounge', 'Room Service', 'Airport Transportation', 'Dry Cleaning', 'Meeting Rooms', 'Business Center with Internet Access', 'Laundry Service', 'Concierge', 'Multilingual Staff', 'Babysitting', 'Air Conditioning', 'Minibar', 'Restaurant', 'Fitness Center with Gym / Workout Room', 'Bar/Lounge']",/Hotel_Review-g60763-d112052-Reviews-The_Mark-New_York_City_New_York.html
Edge Hotel,2017-12-09,2017_12_10,2,1,AMOMA,270,4.5,277,"['Free High Speed Internet ( WiFi )', 'Breakfast included', 'Fitness Center with Gym / Workout Room', 'Breakfast included', 'Meeting Rooms', 'Business Center with Internet Access', 'Air Conditioning', 'Fitness Center with Gym / Workout Room']",/Hotel_Review-g60763-d8732904-Reviews-Edge_Hotel-New_York_City_New_York.html
"Gild Hall, a Thompson Hotel",2017-12-09,2017_12_10,2,1,TripAdvisor,"1,680",4.5,377,"['Room Service', 'Restaurant', 'Bar/Lounge', 'Free High Speed Internet ( WiFi )', 'Fitness Center with Gym / Workout Room', 'Room Service', 'Dry Cleaning', 'Laundry Service', 'Concierge', 'Multilingual Staff', 'Meeting Rooms', 'Business Center with Internet Access', 'Air Conditioning', 'Minibar', 'Restaurant', 'Bar/Lounge', 'Fitness Center with Gym / Workout Room']",/Hotel_Review-g60763-d122014-Reviews-Gild_Hall_a_Thompson_Hotel-New_York_City_New_York.html
Loews Regency New York Hotel,2017-12-09,2017_12_10,2,1,Orbitz.com,"1,610",4.5,739,"['Room Service', 'Restaurant', 'Free High Speed Internet ( WiFi )', 'Bar/Lounge', 'Fitness Center with Gym / Workout Room', 'Spa', 'Room Service', 'Business Center with Internet Access', 'Dry Cleaning', 'Meeting Rooms', 'Laundry Service', 'Concierge', 'Banquet Room', 'Multilingual Staff', 'Conference Facilities', 'Babysitting', 'Air Conditioning', 'Refrigerator in room', 'Minibar', 'Restaurant', 'Bar/Lounge', 'Fitness Center with Gym / Workout Room', 'Spa']",/Hotel_Review-g60763-d93607-Reviews-Loews_Regency_New_York_Hotel-New_York_City_New_York.html
"The Ritz-Carlton New York, Central Park",2017-12-09,2017_12_10,2,1,TripAdvisor,"1,522",4.5,1295,"['Restaurant', 'Room Service', 'Fitness Center with Gym / Workout Room', 'Bar/Lounge', 'Spa', 'Free Internet', 'Business Center with Internet Access', 'Room Service', 'Dry Cleaning', 'Meeting Rooms', 'Laundry Service', 'Concierge', 'Banquet Room', 'Multilingual Staff', 'Conference Facilities', 'Babysitting', 'Breakfast Available', 'Air Conditioning', 'Minibar', 'Restaurant', 'Fitness Center with Gym / Workout Room', 'Bar/Lounge', 'Spa']",/Hotel_Review-g60763-d224224-Reviews-The_Ritz_Carlton_New_York_Central_Park-New_York_City_New_York.html
"The Chatwal, A Luxury Collection Hotel, New York",2017-12-09,2017_12_10,2,1,LuxuryCollection,"1,186",4.5,845,"['Restaurant', 'Fitness Center with Gym / Workout Room', 'Free High Speed Internet ( WiFi )', 'Bar/Lounge', 'Spa', 'Room Service', 'Pool', 'Room Service', 'Dry Cleaning', 'Meeting Rooms', 'Business Center with Internet Access', 'Laundry Service', 'Concierge', 'Multilingual Staff', 'Breakfast Available', 'Air Conditioning', 'Minibar', 'Restaurant', 'Fitness Center with Gym / Workout Room', 'Bar/Lounge', 'Spa', 'Heated pool', 'Indoor pool', 'Pool']",/Hotel_Review-g60763-d1641016-Reviews-The_Chatwal_A_Luxury_Collection_Hotel_New_York-New_York_City_New_York.html
The Lex NYC,2017-12-09,2017_12_10,2,1,TripAdvisor,705,4.5,369,"['Free High Speed Internet ( WiFi )', 'Breakfast included', 'Breakfast included', 'Laundry Service', 'Concierge', 'Multilingual Staff', 'Air Conditioning']",/Hotel_Review-g60763-d6201200-Reviews-The_Lex_NYC-New_York_City_New_York.html
Residence Inn New York Manhattan / Midtown East,2017-12-09,2017_12_10,2,1,TripAdvisor,"1,702",4.5,409,"['Free High Speed Internet ( WiFi )', 'Fitness Center with Gym / Workout Room', 'Breakfast included', 'Breakfast included', 'Dry Cleaning', 'Meeting Rooms', 'Business Center with Internet Access', 'Laundry Service', 'Concierge', 'Multilingual Staff', 'Self-Serve Laundry', 'Air Conditioning', 'Microwave', 'Refrigerator in room', 'Fitness Center with Gym / Workout Room']",/Hotel_Review-g60763-d3583686-Reviews-Residence_Inn_New_York_Manhattan_Midtown_East-New_York_City_New_York.html
The Iroquois New York,2017-12-09,2017_12_10,2,1,Booking.com,"3,766",4.5,559,"['Fitness Center with Gym / Workout Room', 'Room Service', 'Restaurant', 'Bar/Lounge', 'Free High Speed Internet ( WiFi )', 'Room Service', 'Dry Cleaning', 'Meeting Rooms', 'Business Center with Internet Access', 'Laundry Service', 'Concierge', 'Multilingual Staff', 'Babysitting', 'Air Conditioning', 'Minibar', 'Fitness Center with Gym / Workout Room', 'Restaurant', 'Bar/Lounge']",/Hotel_Review-g60763-d93396-Reviews-The_Iroquois_New_York-New_York_City_New_York.html
The St. Regis New York,2017-12-09,2017_12_10,2,1,StRegis.com,742,4.5,1345,"['Restaurant', 'Room Service', 'Fitness Center with Gym / Workout Room', 'Free High Speed Internet ( WiFi )', 'Bar/Lounge', 'Pool', 'Business Center with Internet Access', 'Room Service', 'Airport Transportation', 'Dry Cleaning', 'Meeting Rooms', 'Laundry Service', 'Concierge', 'Banquet Room', 'Multilingual Staff', 'Conference Facilities', 'Babysitting', 'Air Conditioning', 'Minibar', 'Restaurant', 'Fitness Center with Gym / Workout Room', 'Bar/Lounge', 'Pool']",/Hotel_Review-g60763-d93614-Reviews-The_St_Regis_New_York-New_York_City_New_York.html
San Carlos Hotel,2017-12-09,2017_12_10,2,1,AMOMA,"1,454",4.5,439,"['Fitness Center with Gym / Workout Room', 'Free High Speed Internet ( WiFi )', 'Room Service', 'Breakfast included', 'Business Center with Internet Access', 'Room Service', 'Breakfast included', 'Dry Cleaning', 'Meeting Rooms', 'Laundry Service', 'Concierge', 'Multilingual Staff', 'Air Conditioning', 'Microwave', 'Refrigerator in room', 'Minibar', 'Fitness Center with Gym / Workout Room']",/Hotel_Review-g60763-d80112-Reviews-San_Carlos_Hotel-New_York_City_New_York.html
Cambria hotel & suites New York - Chelsea,2017-12-09,2017_12_10,2,1,CambriaHotels,903,4.5,399,"['Room Service', 'Restaurant', 'Bar/Lounge', 'Spa', 'Free High Speed Internet ( WiFi )', 'Fitness Center with Gym / Workout Room', 'Room Service', 'Dry Cleaning', 'Meeting Rooms', 'Business Center with Internet Access', 'Laundry Service', 'Concierge', 'Multilingual Staff', 'Air Conditioning', 'Microwave', 'Refrigerator in room', 'Restaurant', 'Bar/Lounge', 'Spa', 'Fitness Center with Gym / Workout Room']",/Hotel_Review-g60763-d7130807-Reviews-Cambria_hotel_suites_New_York_Chelsea-New_York_City_New_York.html
The New York EDITION,2017-12-09,2017_12_10,2,1,EDITION,"1,085",4.5,816,"['Free High Speed Internet ( WiFi )', 'Room Service', 'Restaurant', 'Bar/Lounge', 'Spa', 'Fitness Center with Gym / Workout Room', 'Room Service', 'Dry Cleaning', 'Meeting Rooms', 'Business Center with Internet Access', 'Laundry Service', 'Concierge', 'Multilingual Staff', 'Air Conditioning', 'Minibar', 'Restaurant', 'Bar/Lounge', 'Spa', 'Fitness Center with Gym / Workout Room']",/Hotel_Review-g60763-d7787303-Reviews-The_New_York_EDITION-New_York_City_New_York.html
Hyatt Centric Times Square New York,2017-12-09,2017_12_10,2,1,Booking.com,"4,003",4.5,603,"['Restaurant', 'Bar/Lounge', 'Free High Speed Internet ( WiFi )', 'Room Service', 'Spa', 'Fitness Center with Gym / Workout Room', 'Room Service', 'Dry Cleaning', 'Meeting Rooms', 'Business Center with Internet Access', 'Laundry Service', 'Concierge', 'Banquet Room', 'Multilingual Staff', 'Conference Facilities', 'Air Conditioning', 'Refrigerator in room', 'Restaurant', 'Bar/Lounge', 'Spa', 'Fitness Center with Gym / Workout Room']",/Hotel_Review-g60763-d4799063-Reviews-Hyatt_Centric_Times_Square_New_York-New_York_City_New_York.html
The NoMad Hotel,2017-12-09,2017_12_10,2,1,TripAdvisor,833,4.5,625,"['Room Service', 'Restaurant', 'Bar/Lounge', 'Free High Speed Internet ( WiFi )', 'Fitness Center with Gym / Workout Room', 'Room Service', 'Dry Cleaning', 'Meeting Rooms', 'Laundry Service', 'Concierge', 'Air Conditioning', 'Minibar', 'Restaurant', 'Bar/Lounge', 'Fitness Center with Gym / Workout Room']",/Hotel_Review-g60763-d2643161-Reviews-The_NoMad_Hotel-New_York_City_New_York.html
The Peninsula New York,2017-12-09,2017_12_10,2,1,The Peninsula,"1,117",4.5,1186,"['Pool', 'Room Service', 'Restaurant', 'Fitness Center with Gym / Workout Room', 'Free High Speed Internet ( WiFi )', 'Bar/Lounge', 'Spa', 'Room Service', 'Children Activities (Kid / Family Friendly)', 'Dry Cleaning', 'Meeting Rooms', 'Business Center with Internet Access', 'Laundry Service', 'Concierge', 'Banquet Room', 'Multilingual Staff', 'Conference Facilities', 'Babysitting', 'Breakfast Available', 'Air Conditioning', 'Refrigerator in room', 'Minibar', 'Pool', 'Restaurant', 'Fitness Center with Gym / Workout Room', 'Bar/Lounge', 'Spa', 'Heated pool', 'Indoor pool', 'Tennis Court']",/Hotel_Review-g60763-d113311-Reviews-The_Peninsula_New_York-New_York_City_New_York.html
Park South Hotel,2017-12-09,2017_12_10,2,1,Booking.com,"2,393",4.5,404,"['Free High Speed Internet ( WiFi )', 'Fitness Center with Gym / Workout Room', 'Children Activities (Kid / Family Friendly)', 'Dry Cleaning', 'Business Center with Internet Access', 'Laundry Service', 'Concierge', 'Multilingual Staff', 'Meeting Rooms', 'Air Conditioning', 'Fitness Center with Gym / Workout Room']",/Hotel_Review-g60763-d225942-Reviews-Park_South_Hotel-New_York_City_New_York.html
"Homewood Suites by Hilton New York/Midtown Manhattan Times Square-South, NY",2017-12-09,2017_12_10,2,1,Homewood,"2,537",4.5,424,"['Free Internet', 'Fitness Center with Gym / Workout Room', 'Breakfast included', 'Business Center with Internet Access', 'Breakfast included', 'Dry Cleaning', 'Meeting Rooms', 'Laundry Service', 'Concierge', 'Multilingual Staff', 'Self-Serve Laundry', 'Conference Facilities', 'Microwave', 'Air Conditioning', 'Fitness Center with Gym / Workout Room']",/Hotel_Review-g60763-d5040757-Reviews-Homewood_Suites_by_Hilton_New_York_Midtown_Manhattan_Times_Square_South_NY-New_York_Cit.html
Conrad New York,2017-12-09,2017_12_10,2,1,AMOMA,"3,374",4.5,293,"['Free High Speed Internet ( WiFi )', 'Restaurant', 'Fitness Center with Gym / Workout Room', 'Room Service', 'Bar/Lounge', 'Meeting Rooms', 'Business Center with Internet Access', 'Room Service', 'Dry Cleaning', 'Laundry Service', 'Concierge', 'Banquet Room', 'Multilingual Staff', 'Conference Facilities', 'Air Conditioning', 'Refrigerator in room', 'Minibar', 'Restaurant', 'Fitness Center with Gym / Workout Room', 'Bar/Lounge']",/Hotel_Review-g60763-d208452-Reviews-Conrad_New_York-New_York_City_New_York.html
the Quin,2017-12-09,2017_12_10,2,1,Priceline,"2,883",4.5,919,"['Fitness Center with Gym / Workout Room', 'Free High Speed Internet ( WiFi )', 'Room Service', 'Bar/Lounge', 'Restaurant', 'Business Center with Internet Access', 'Room Service', 'Dry Cleaning', 'Meeting Rooms', 'Laundry Service', 'Concierge', 'Multilingual Staff', 'Conference Facilities', 'Air Conditioning', 'Minibar', 'Fitness Center with Gym / Workout Room', 'Bar/Lounge', 'Restaurant']",/Hotel_Review-g60763-d234762-Reviews-The_Quin-New_York_City_New_York.html
The Michelangelo Hotel,2017-12-09,2017_12_10,2,1,HotelQuickly,"3,633",4.5,607,"['Fitness Center with Gym / Workout Room', 'Room Service', 'Free High Speed Internet ( WiFi )', 'Bar/Lounge', 'Room Service', 'Dry Cleaning', 'Meeting Rooms', 'Business Center with Internet Access', 'Laundry Service', 'Concierge', 'Banquet Room', 'Multilingual Staff', 'Conference Facilities', 'Air Conditioning', 'Minibar', 'Fitness Center with Gym / Workout Room', 'Bar/Lounge']",/Hotel_Review-g60763-d93589-Reviews-The_Michelangelo_Hotel-New_York_City_New_York.html
Arlo NoMad,2017-12-09,2017_12_10,2,1,AMOMA,561,4.5,414,"['Restaurant', 'Bar/Lounge', 'Free High Speed Internet ( WiFi )', 'Dry Cleaning', 'Meeting Rooms', 'Laundry Service', 'Concierge', 'Breakfast Available', 'Air Conditioning', 'Refrigerator in room', 'Restaurant', 'Bar/Lounge']",/Hotel_Review-g60763-d10541730-Reviews-Arlo_NoMad-New_York_City_New_York.html
Kimpton Hotel Eventi,2017-12-09,2017_12_10,2,1,Booking.com,"3,447",4.5,483,"['Fitness Center with Gym / Workout Room', 'Restaurant', 'Room Service', 'Bar/Lounge', 'Spa', 'Room Service', 'Dry Cleaning', 'Meeting Rooms', 'Business Center with Internet Access', 'Laundry Service', 'Concierge', 'Banquet Room', 'Multilingual Staff', 'Conference Facilities', 'Breakfast Available', 'Air Conditioning', 'Minibar', 'Fitness Center with Gym / Workout Room', 'Restaurant', 'Bar/Lounge', 'Spa']",/Hotel_Review-g60763-d1456560-Reviews-Kimpton_Hotel_Eventi-New_York_City_New_York.html
Fitzpatrick Manhattan Hotel,2017-12-09,2017_12_10,2,1,Elvoline,"1,318",4.5,506,"['Room Service', 'Restaurant', 'Bar/Lounge', 'Room Service', 'Dry Cleaning', 'Meeting Rooms', 'Laundry Service', 'Concierge', 'Multilingual Staff', 'Air Conditioning', 'Restaurant', 'Bar/Lounge']",/Hotel_Review-g60763-d113309-Reviews-Fitzpatrick_Manhattan_Hotel-New_York_City_New_York.html
The Bernic Hotel,2017-12-09,2017_12_10,2,1,HotelQuickly,227,4.5,407,"['Room Service', 'Restaurant', 'Free High Speed Internet ( WiFi )', 'Bar/Lounge', 'Room Service', 'Dry Cleaning', 'Laundry Service', 'Multilingual Staff', 'Concierge', 'Air Conditioning', 'Restaurant', 'Bar/Lounge']",/Hotel_Review-g60763-d8776490-Reviews-The_Bernic_Hotel-New_York_City_New_York.html
"Mandarin Oriental, New York",2017-12-09,2017_12_10,2,1,Mandarin Oriental,"1,482",4.5,1395,"['Pool', 'Restaurant', 'Room Service', 'Fitness Center with Gym / Workout Room', 'Bar/Lounge', 'Spa', 'Free Internet', 'Business Center with Internet Access', 'Room Service', 'Dry Cleaning', 'Meeting Rooms', 'Laundry Service', 'Concierge', 'Banquet Room', 'Multilingual Staff', 'Conference Facilities', 'Babysitting', 'Air Conditioning', 'Minibar', 'Pool', 'Restaurant', 'Fitness Center with Gym / Workout Room', 'Bar/Lounge', 'Spa', 'Hot Tub', 'Heated pool', 'Indoor pool']",/Hotel_Review-g60763-d281071-Reviews-Mandarin_Oriental_New_York-New_York_City_New_York.html
Chelsea Pines Inn,2017-12-09,2017_12_10,2,1,Booking.com,"2,148",4.5,287,"['Free High Speed Internet ( WiFi )', 'Breakfast included', 'Breakfast included', 'Concierge', 'Multilingual Staff', 'Air Conditioning']",/Hotel_Review-g60763-d122020-Reviews-Chelsea_Pines_Inn-New_York_City_New_York.html
World Hotel,2017-12-09,2017_12_10,2,1,Expedia.com,373,1.5,75,['Free Internet'],/Hotel_Review-g60763-d267183-Reviews-World_Hotel-New_York_City_New_York.html
The Jane,2017-12-09,2017_12_10,2,1,Hotwire.com,"1,412",4,110,"['Restaurant', 'Free High Speed Internet ( WiFi )', 'Concierge', 'Air Conditioning', 'Restaurant']",/Hotel_Review-g60763-d1181739-Reviews-The_Jane-New_York_City_New_York.html
Blue Moon Hotel,2017-12-09,2017_12_10,2,1,Booking.com,553,4,114,"['Free High Speed Internet ( WiFi )', 'Breakfast included', 'Room Service', 'Breakfast included', 'Room Service', 'Air Conditioning', 'Hot Tub']",/Hotel_Review-g60763-d601762-Reviews-Blue_Moon_Hotel-New_York_City_New_York.html
Morningside Inn,2017-12-09,2017_12_10,2,1,Agoda.com,859,3,125,"['Free High Speed Internet ( WiFi )', 'Air Conditioning']",/Hotel_Review-g60763-d249710-Reviews-Morningside_Inn-New_York_City_New_York.html
U.S. Pacific Hotel,2017-12-09,2017_12_10,2,1,Booking.com,54,2.5,130,"['Free High Speed Internet ( WiFi )', 'Air Conditioning']",/Hotel_Review-g60763-d8722421-Reviews-U_S_Pacific_Hotel-New_York_City_New_York.html
Hotel Pennsylvania New York,2017-12-09,2017_12_10,2,1,AMOMA,"5,127",2.5,158,"['Bar/Lounge', 'Business Center with Internet Access', 'Meeting Rooms', 'Concierge', 'Conference Facilities', 'Air Conditioning', 'Bar/Lounge']",/Hotel_Review-g60763-d214197-Reviews-Hotel_Pennsylvania_New_York-New_York_City_New_York.html
Riverside Tower Hotel,2017-12-09,2017_12_10,2,1,Hotels.com,668,3,160,"['Free High Speed Internet ( WiFi )', 'Air Conditioning', 'Microwave', 'Refrigerator in room']",/Hotel_Review-g60763-d93539-Reviews-Riverside_Tower_Hotel-New_York_City_New_York.html
Hotel 31,2017-12-09,2017_12_10,2,1,Booking.com,"1,573",4,169,"['Free High Speed Internet ( WiFi )', 'Air Conditioning']",/Hotel_Review-g60763-d126257-Reviews-Hotel_31-New_York_City_New_York.html
Royal Park Hotel,2017-12-09,2017_12_10,2,1,Hotwire.com,649,3,169,"['Free High Speed Internet ( WiFi )', 'Multilingual Staff', 'Air Conditioning']",/Hotel_Review-g60763-d1155229-Reviews-Royal_Park_Hotel-New_York_City_New_York.html
Flushing Motel,2017-12-09,2017_12_10,2,1,Booking.com,5,3,180,"['Free High Speed Internet ( WiFi )', 'Air Conditioning']",/Hotel_Review-g60763-d6217892-Reviews-Flushing_Motel-New_York_City_New_York.html
Astor on the Park,2017-12-09,2017_12_10,2,1,Priceline,"1,529",3.5,183,"['$120 - $315 (Based on Average Rates for a Standard Room) ', 'Non-Smoking Rooms ', '80 ', 'TripAdvisor is proud to partner with Booking.com, Hotels.com, Orbitz, Expedia, Priceline, Travelocity, Cancelon, TripOnline SA, Hotwire, Agoda, getaroom.com, HotelsforEveryone and Evoline ltd so you can book your Astor on the Park reservations with confidence. We help millions of travelers each month to find the perfect hotel for both vacation and business trips, always with the best discounts and special offers. ', 'United States >', 'New York >', 'New York City >', 'Upper West Side / Manhattan ', 'Astor Park New York ,', 'Astor Park Hotel New York ,', 'Astor Hotel New York ,', 'Astor On The Park Hotel ,', 'Hotel Astor Park New York ,', 'Astor New York ,', 'Astor Park Nyc ,', 'Astor New Park York ']",/Hotel_Review-g60763-d99443-Reviews-Astor_on_the_Park-New_York_City_New_York.html
Windsor Hotel,2017-12-09,2017_12_10,2,1,Booking.com,254,2.5,196,"['Free High Speed Internet ( WiFi )', 'Air Conditioning']",/Hotel_Review-g60763-d267182-Reviews-Windsor_Hotel-New_York_City_New_York.html
Chelsea Inn - 17th Street,2017-12-09,2017_12_10,2,1,Priceline,144,3,202,"['Free High Speed Internet ( WiFi )', 'Air Conditioning']",/Hotel_Review-g60763-d80081-Reviews-Chelsea_Inn_17th_Street-New_York_City_New_York.html
Chelsea Savoy Hotel,2017-12-09,2017_12_10,2,1,TripAdvisor,669,4,211,"['Free High Speed Internet ( WiFi )', 'Breakfast included', 'Breakfast included', 'Multilingual Staff', 'Air Conditioning']",/Hotel_Review-g60763-d112019-Reviews-Chelsea_Savoy_Hotel-New_York_City_New_York.html
Seton Hotel,2017-12-09,2017_12_10,2,1,HotelQuickly,814,4,213,"['Free High Speed Internet ( WiFi )', 'Multilingual Staff', 'Air Conditioning', 'Refrigerator in room']",/Hotel_Review-g60763-d121991-Reviews-Seton_Hotel-New_York_City_New_York.html
Hotel Newton,2017-12-09,2017_12_10,2,1,AMOMA,"1,572",4,220,"['Free Internet', 'Concierge', 'Multilingual Staff', 'Air Conditioning', 'Microwave', 'Tennis Court']",/Hotel_Review-g60763-d112039-Reviews-Hotel_Newton-New_York_City_New_York.html
Comfort Inn Manhattan Bridge,2017-12-09,2017_12_10,2,1,Cancelon,570,4,221,"['Free High Speed Internet ( WiFi )', 'Breakfast included', 'Fitness Center with Gym / Workout Room', 'Multilingual Staff', 'Breakfast included', 'Breakfast Available', 'Laundry Service', 'Concierge', 'Fitness Center with Gym / Workout Room']",/Hotel_Review-g60763-d1383001-Reviews-Comfort_Inn_Manhattan_Bridge-New_York_City_New_York.html
Marrakech Hotel,2017-12-09,2017_12_10,2,1,AMOMA,"1,633",3,221,"['Free High Speed Internet ( WiFi )', 'Airport Transportation', 'Air Conditioning']",/Hotel_Review-g60763-d113343-Reviews-Marrakech_Hotel-New_York_City_New_York.html
Belnord Hotel,2017-12-09,2017_12_10,2,1,Hotels.com,"1,336",3.5,230,"['Free High Speed Internet ( WiFi )', 'Airport Transportation', 'Multilingual Staff', 'Air Conditioning']",/Hotel_Review-g60763-d217627-Reviews-Belnord_Hotel-New_York_City_New_York.html
Amsterdam Court Hotel,2017-12-09,2017_12_10,2,1,HotelQuickly,"3,249",3.5,231,"['Restaurant', 'Bar/Lounge', 'Laundry Service', 'Concierge', 'Multilingual Staff', 'Air Conditioning', 'Restaurant', 'Bar/Lounge']",/Hotel_Review-g60763-d80075-Reviews-Amsterdam_Court_Hotel-New_York_City_New_York.html
Clarion Hotel Park Avenue,2017-12-09,2017_12_10,2,1,ClarionHotels,442,3.5,231,"['Free High Speed Internet ( WiFi )', 'Breakfast included', 'Fitness Center with Gym / Workout Room', 'Breakfast included', 'Dry Cleaning', 'Business Center with Internet Access', 'Laundry Service', 'Concierge', 'Multilingual Staff', 'Fitness Center with Gym / Workout Room', 'Tennis Court']",/Hotel_Review-g60763-d224217-Reviews-Clarion_Hotel_Park_Avenue-New_York_City_New_York.html
The Roosevelt Hotel,2017-12-09,2017_12_10,2,1,AMOMA,"9,040",3.5,241,"['Room Service', 'Fitness Center with Gym / Workout Room', 'Restaurant', 'Bar/Lounge', 'Free Internet', 'Room Service', 'Business Center with Internet Access', 'Laundry Service', 'Dry Cleaning', 'Meeting Rooms', 'Concierge', 'Banquet Room', 'Multilingual Staff', 'Conference Facilities', 'Breakfast Available', 'Fitness Center with Gym / Workout Room', 'Restaurant', 'Bar/Lounge']",/Hotel_Review-g60763-d99766-Reviews-The_Roosevelt_Hotel-New_York_City_New_York.html
Fairfield Inn & Suites New York Downtown Manhattan/World Trade Center Area,2017-12-09,2017_12_10,2,1,Hotels.com,1 review,5,242,"['$158 - $313 (Based on Average Rates for a Standard Room) ', '189 ', 'TripAdvisor is proud to partner with Hotels.com, Orbitz, Marriott and Expedia so you can book your Fairfield Inn & Suites New York Downtown Manhattan/World Trade Center Area reservations with confidence. We help millions of travelers each month to find the perfect hotel for both vacation and business trips, always with the best discounts and special offers. ', 'United States >', 'New York >', 'New York City >', 'Financial District ']",/Hotel_Review-g60763-d12906143-Reviews-Fairfield_Inn_Suites_New_York_Downtown_Manhattan_World_Trade_Center_Area-New_York_City.html
Midtown West Hotel,2017-12-09,2017_12_10,2,1,Booking.com,115,3,244,"['Free High Speed Internet ( WiFi )', 'Air Conditioning']",/Hotel_Review-g60763-d6701149-Reviews-Midtown_West_Hotel-New_York_City_New_York.html
Americana Inn,2017-12-09,2017_12_10,2,1,Booking.com,734,3.5,245,"['Air Conditioning', 'Refrigerator in room']",/Hotel_Review-g60763-d121981-Reviews-Americana_Inn-New_York_City_New_York.html
The Wall Street Inn,2017-12-09,2017_12_10,2,1,AMOMA,516,4,248,"['Free High Speed Internet ( WiFi )', 'Breakfast included', 'Room Service', 'Fitness Center with Gym / Workout Room', 'Breakfast included', 'Multilingual Staff', 'Room Service', 'Dry Cleaning', 'Meeting Rooms', 'Business Center with Internet Access', 'Laundry Service', 'Air Conditioning', 'Tennis Court', 'Fitness Center with Gym / Workout Room']",/Hotel_Review-g60763-d251906-Reviews-The_Wall_Street_Inn-New_York_City_New_York.html
The Bentley Hotel,2017-12-09,2017_12_10,2,1,Booking.com,"3,829",4,254,"['Restaurant', 'Room Service', 'Bar/Lounge', 'Fitness Center with Gym / Workout Room', 'Free Internet', 'Room Service', 'Meeting Rooms', 'Business Center with Internet Access', 'Laundry Service', 'Concierge', 'Multilingual Staff', 'Dry Cleaning', 'Air Conditioning', 'Minibar', 'Restaurant', 'Bar/Lounge', 'Fitness Center with Gym / Workout Room']",/Hotel_Review-g60763-d99302-Reviews-The_Bentley_Hotel-New_York_City_New_York.html
"Club Quarters Hotel, Wall Street",2017-12-09,2017_12_10,2,1,Booking.com,"1,483",4,278,"['Room Service', 'Fitness Center with Gym / Workout Room', 'Restaurant', 'Free High Speed Internet ( WiFi )', 'Bar/Lounge', 'Room Service', 'Business Center with Internet Access', 'Dry Cleaning', 'Meeting Rooms', 'Laundry Service', 'Concierge', 'Multilingual Staff', 'Conference Facilities', 'Air Conditioning', 'Fitness Center with Gym / Workout Room', 'Restaurant', 'Bar/Lounge']",/Hotel_Review-g60763-d217623-Reviews-Club_Quarters_Hotel_Wall_Street-New_York_City_New_York.html
NH New York Jolly Madison Towers,2017-12-09,2017_12_10,2,1,NH Hotels,"2,725",3.5,284,"['Bar/Lounge', 'Meeting Rooms', 'Laundry Service', 'Concierge', 'Banquet Room', 'Multilingual Staff', 'Air Conditioning', 'Bar/Lounge']",/Hotel_Review-g60763-d93470-Reviews-NH_New_York_Jolly_Madison_Towers-New_York_City_New_York.html
Days Inn Hotel New York City-Broadway,2017-12-09,2017_12_10,2,1,Priceline,"2,002",3,319,"['Room Service', 'Free Internet', 'Room Service', 'Concierge', 'Multilingual Staff', 'Air Conditioning']",/Hotel_Review-g60763-d142114-Reviews-Days_Inn_Hotel_New_York_City_Broadway-New_York_City_New_York.html
Travel Inn Hotel New York,2017-12-09,2017_12_10,2,1,Booking.com,"1,820",3.5,250,"['Pool', 'Concierge', 'Air Conditioning', 'Microwave', 'Pool', 'Outdoor pool']",/Hotel_Review-g60763-d93622-Reviews-Travel_Inn_Hotel_New_York-New_York_City_New_York.html
New York Marriott Downtown,2017-12-09,2017_12_10,2,1,Priceline,"1,856",4,254,"['Restaurant', 'Fitness Center with Gym / Workout Room', 'Bar/Lounge', 'Business Center with Internet Access', 'Dry Cleaning', 'Meeting Rooms', 'Laundry Service', 'Concierge', 'Banquet Room', 'Multilingual Staff', 'Conference Facilities', 'Restaurant', 'Fitness Center with Gym / Workout Room', 'Bar/Lounge']",/Hotel_Review-g60763-d93477-Reviews-New_York_Marriott_Downtown-New_York_City_New_York.html
Redford Hotel,2017-12-09,2017_12_10,2,1,Booking.com,31,3.5,254,"['Free High Speed Internet ( WiFi )', 'Breakfast included', 'Breakfast included', 'Laundry Service', 'Breakfast Available', 'Air Conditioning', 'Refrigerator in room']",/Hotel_Review-g60763-d1583937-Reviews-Redford_Hotel-New_York_City_New_York.html
Comfort Inn Lower East Side,2017-12-09,2017_12_10,2,1,AMOMA,174,4,255,"['Free High Speed Internet ( WiFi )', 'Breakfast included', 'Fitness Center with Gym / Workout Room', 'Breakfast included', 'Banquet Room', 'Breakfast Available', 'Airport Transportation', 'Dry Cleaning', 'Business Center with Internet Access', 'Laundry Service', 'Concierge', 'Multilingual Staff', 'Conference Facilities', 'Air Conditioning', 'Fitness Center with Gym / Workout Room']",/Hotel_Review-g60763-d5888246-Reviews-Comfort_Inn_Lower_East_Side-New_York_City_New_York.html
Wolcott Hotel,2017-12-09,2017_12_10,2,1,getaroom.com,"2,369",4,259,"['Breakfast included', 'Breakfast included', 'Airport Transportation', 'Laundry Service', 'Concierge', 'Air Conditioning']",/Hotel_Review-g60763-d93333-Reviews-Wolcott_Hotel-New_York_City_New_York.html
Manhattan Broadway Hotel,2017-12-09,2017_12_10,2,1,TripAdvisor,685,2.5,260,"['Air Conditioning', 'Refrigerator in room']",/Hotel_Review-g60763-d122007-Reviews-Manhattan_Broadway_Hotel-New_York_City_New_York.html
Magnuson Convention Center Hotel,2017-12-09,2017_12_10,2,1,Orbitz.com,813,3.5,265,"['Free High Speed Internet ( WiFi )', 'Breakfast included', 'Airport Transportation', 'Breakfast included', 'Multilingual Staff', 'Air Conditioning']",/Hotel_Review-g60763-d235228-Reviews-Magnuson_Convention_Center_Hotel-New_York_City_New_York.html
Holiday Inn New York City - Wall Street,2017-12-09,2017_12_10,2,1,Priceline,739,4,270,"['Free High Speed Internet ( WiFi )', 'Restaurant', 'Fitness Center with Gym / Workout Room', 'Multilingual Staff', 'Dry Cleaning', 'Laundry Service', 'Air Conditioning', 'Restaurant', 'Fitness Center with Gym / Workout Room']",/Hotel_Review-g60763-d1234559-Reviews-Holiday_Inn_New_York_City_Wall_Street-New_York_City_New_York.html
DoubleTree by Hilton Hotel New York City - Financial District,2017-12-09,2017_12_10,2,1,AMOMA,"2,495",3.5,270,"['Fitness Center with Gym / Workout Room', 'Room Service', 'Restaurant', 'Bar/Lounge', 'Business Center with Internet Access', 'Room Service', 'Dry Cleaning', 'Meeting Rooms', 'Laundry Service', 'Concierge', 'Multilingual Staff', 'Conference Facilities', 'Air Conditioning', 'Fitness Center with Gym / Workout Room', 'Restaurant', 'Bar/Lounge']",/Hotel_Review-g60763-d1858923-Reviews-DoubleTree_by_Hilton_Hotel_New_York_City_Financial_District-New_York_City_New_York.html
Aloft Harlem,2017-12-09,2017_12_10,2,1,Booking.com,721,4,274,"['Free High Speed Internet ( WiFi )', 'Pool', 'Fitness Center with Gym / Workout Room', 'Dry Cleaning', 'Laundry Service', 'Multilingual Staff', 'Business Center with Internet Access', 'Air Conditioning', 'Pool', 'Fitness Center with Gym / Workout Room']",/Hotel_Review-g60763-d1878946-Reviews-Aloft_Harlem-New_York_City_New_York.html
Orchard Street Hotel,2017-12-09,2017_12_10,2,1,Booking.com,155,4,278,"['Free High Speed Internet ( WiFi )', 'Multilingual Staff', 'Air Conditioning']",/Hotel_Review-g60763-d7939016-Reviews-Orchard_Street_Hotel-New_York_City_New_York.html
Hudson River Hotel,2017-12-09,2017_12_10,2,1,Booking.com,689,3.5,278,"['Free High Speed Internet ( WiFi )', 'Breakfast included', 'Breakfast included', 'Multilingual Staff', 'Laundry Service', 'Breakfast Available', 'Air Conditioning']",/Hotel_Review-g60763-d596200-Reviews-Hudson_River_Hotel-New_York_City_New_York.html
The Franklin,2017-12-09,2017_12_10,2,1,Hotwire.com,721,3.5,278,"['Free High Speed Internet ( WiFi )', 'Breakfast included', 'Breakfast included', 'Laundry Service', 'Multilingual Staff']",/Hotel_Review-g60763-d93575-Reviews-The_Franklin-New_York_City_New_York.html
Best Western Bowery Hanbee Hotel,2017-12-09,2017_12_10,2,1,Cancelon,"1,285",4,281,"['Free High Speed Internet ( WiFi )', 'Breakfast included', 'Fitness Center with Gym / Workout Room', 'Breakfast included', 'Multilingual Staff', 'Dry Cleaning', 'Laundry Service', 'Air Conditioning', 'Fitness Center with Gym / Workout Room']",/Hotel_Review-g60763-d1060157-Reviews-Best_Western_Bowery_Hanbee_Hotel-New_York_City_New_York.html
Shoreham,2017-12-09,2017_12_10,2,1,AMOMA,"1,834",3.5,281,"['Room Service', 'Restaurant', 'Fitness Center with Gym / Workout Room', 'Bar/Lounge', 'Room Service', 'Business Center with Internet Access', 'Dry Cleaning', 'Airport Transportation', 'Meeting Rooms', 'Laundry Service', 'Concierge', 'Multilingual Staff', 'Restaurant', 'Fitness Center with Gym / Workout Room', 'Bar/Lounge']",/Hotel_Review-g60763-d93612-Reviews-Shoreham-New_York_City_New_York.html
Night Theater District,2017-12-09,2017_12_10,2,1,getaroom.com,"2,176",4,283,"['Bar/Lounge', 'Room Service', 'Restaurant', 'Dry Cleaning', 'Laundry Service', 'Multilingual Staff', 'Shuttle Bus Service', 'Room Service', 'Concierge', 'Air Conditioning', 'Minibar', 'Bar/Lounge', 'Restaurant']",/Hotel_Review-g60763-d75737-Reviews-Night_Theater_District-New_York_City_New_York.html
Fairfield Inn & Suites New York Manhattan/Downtown East,2017-12-09,2017_12_10,2,1,Travelocity,378,4,284,"['Free High Speed Internet ( WiFi )', 'Fitness Center with Gym / Workout Room', 'Breakfast included', 'Breakfast included', 'Laundry Service', 'Multilingual Staff', 'Dry Cleaning', 'Business Center with Internet Access', 'Air Conditioning', 'Microwave', 'Fitness Center with Gym / Workout Room']",/Hotel_Review-g60763-d4457041-Reviews-Fairfield_Inn_Suites_New_York_Manhattan_Downtown_East-New_York_City_New_York.html
Holiday Inn Express New York City-Wall Street,2017-12-09,2017_12_10,2,1,Expedia.com,518,4,285,"['Free High Speed Internet ( WiFi )', 'Breakfast included', 'Fitness Center with Gym / Workout Room', 'Breakfast included', 'Multilingual Staff', 'Dry Cleaning', 'Business Center with Internet Access', 'Laundry Service', 'Air Conditioning', 'Fitness Center with Gym / Workout Room']",/Hotel_Review-g60763-d1465008-Reviews-Holiday_Inn_Express_New_York_City_Wall_Street-New_York_City_New_York.html
The Hotel @ New York City,2017-12-09,2017_12_10,2,1,AMOMA,"1,649",4,290,"['Free High Speed Internet ( WiFi )', 'Breakfast included', 'Breakfast included', 'Laundry Service', 'Air Conditioning']",/Hotel_Review-g60763-d99388-Reviews-The_Hotel_New_York_City-New_York_City_New_York.html
The Gatsby Hotel,2017-12-09,2017_12_10,2,1,Booking.com,57,3.5,288,"['Free High Speed Internet ( WiFi )', 'Fitness Center with Gym / Workout Room', 'Dry Cleaning', 'Laundry Service', 'Concierge', 'Multilingual Staff', 'Air Conditioning', 'Fitness Center with Gym / Workout Room', 'Hot Tub']",/Hotel_Review-g60763-d247814-Reviews-The_Gatsby_Hotel-New_York_City_New_York.html
Courtyard New York Downtown Manhattan / World Trade Center Area,2017-12-09,2017_12_10,2,1,Booking.com,284,4,289,"['Restaurant', 'Bar/Lounge', 'Free High Speed Internet ( WiFi )', 'Fitness Center with Gym / Workout Room', 'Meeting Rooms', 'Business Center with Internet Access', 'Laundry Service', 'Multilingual Staff', 'Dry Cleaning', 'Air Conditioning', 'Refrigerator in room', 'Restaurant', 'Bar/Lounge', 'Fitness Center with Gym / Workout Room']",/Hotel_Review-g60763-d9761545-Reviews-Courtyard_New_York_Downtown_Manhattan_World_Trade_Center_Area-New_York_City_New_York.html
Dylan Hotel NYC,2017-12-09,2017_12_10,2,1,Booking.com,905,3.5,289,"['Restaurant', 'Free High Speed Internet ( WiFi )', 'Fitness Center with Gym / Workout Room', 'Room Service', 'Bar/Lounge', 'Multilingual Staff', 'Room Service', 'Dry Cleaning', 'Meeting Rooms', 'Laundry Service', 'Concierge', 'Restaurant', 'Fitness Center with Gym / Workout Room', 'Bar/Lounge']",/Hotel_Review-g60763-d217622-Reviews-Dylan_Hotel_NYC-New_York_City_New_York.html
Eurostars Wall Street,2017-12-09,2017_12_10,2,1,AMOMA,289,3.5,293,"['Free High Speed Internet ( WiFi )', 'Bar/Lounge', 'Laundry Service', 'Dry Cleaning', 'Meeting Rooms', 'Business Center with Internet Access', 'Concierge', 'Multilingual Staff', 'Self-Serve Laundry', 'Air Conditioning', 'Microwave', 'Bar/Lounge']",/Hotel_Review-g60763-d1164645-Reviews-Eurostars_Wall_Street-New_York_City_New_York.html
The Frederick Hotel,2017-12-09,2017_12_10,2,1,AMOMA,"1,973",4,295,"['Free High Speed Internet ( WiFi )', 'Fitness Center with Gym / Workout Room', 'Dry Cleaning', 'Laundry Service', 'Concierge', 'Multilingual Staff', 'Air Conditioning', 'Fitness Center with Gym / Workout Room']",/Hotel_Review-g60763-d93351-Reviews-The_Frederick_Hotel-New_York_City_New_York.html
The Ridge Hotel,2017-12-09,2017_12_10,2,1,Booking.com,407,4,297,"['Free High Speed Internet ( WiFi )', 'Multilingual Staff', 'Air Conditioning']",/Hotel_Review-g60763-d1007724-Reviews-The_Ridge_Hotel-New_York_City_New_York.html
The Court â€“ A St Giles Hotel,2017-12-09,2017_12_10,2,1,Expedia.com,"2,104",4,329,"['Restaurant', 'Bar/Lounge', 'Free High Speed Internet ( WiFi )', 'Fitness Center with Gym / Workout Room', 'Business Center with Internet Access', 'Dry Cleaning', 'Meeting Rooms', 'Laundry Service', 'Concierge', 'Multilingual Staff', 'Air Conditioning', 'Restaurant', 'Bar/Lounge', 'Fitness Center with Gym / Workout Room']",/Hotel_Review-g60763-d194238-Reviews-The_Court_A_St_Giles_Hotel-New_York_City_New_York.html
The Redbury New York,2017-12-09,2017_12_10,2,1,AMOMA,393,4,349,"['Free High Speed Internet ( WiFi )', 'Restaurant', 'Bar/Lounge', 'Room Service', 'Dry Cleaning', 'Laundry Service', 'Concierge', 'Multilingual Staff', 'Room Service', 'Conference Facilities', 'Babysitting', 'Meeting Rooms', 'Air Conditioning', 'Minibar', 'Restaurant', 'Bar/Lounge']",/Hotel_Review-g60763-d125274-Reviews-The_Redbury_New_York-New_York_City_New_York.html
Hudson Hotel New York,2017-12-09,2017_12_10,2,1,Official Site,"6,597",3.5,368,"['Restaurant', 'Bar/Lounge', 'Fitness Center with Gym / Workout Room', 'Free Internet', 'Business Center with Internet Access', 'Dry Cleaning', 'Meeting Rooms', 'Laundry Service', 'Concierge', 'Multilingual Staff', 'Conference Facilities', 'Breakfast Available', 'Restaurant', 'Bar/Lounge', 'Fitness Center with Gym / Workout Room']",/Hotel_Review-g60763-d223023-Reviews-Hudson_Hotel_New_York-New_York_City_New_York.html
Duane Street Hotel,2017-12-09,2017_12_10,2,1,HotelQuickly,640,4.5,367,"['Free High Speed Internet ( WiFi )', 'Restaurant', 'Room Service', 'Bar/Lounge', 'Fitness Center with Gym / Workout Room', 'Room Service', 'Dry Cleaning', 'Laundry Service', 'Concierge', 'Multilingual Staff', 'Babysitting', 'Air Conditioning', 'Restaurant', 'Bar/Lounge', 'Fitness Center with Gym / Workout Room']",/Hotel_Review-g60763-d620399-Reviews-Duane_Street_Hotel-New_York_City_New_York.html
Aloft Manhattan Downtown Financial District,2017-12-09,2017_12_10,2,1,Booking.com,195,4,329,"['Bar/Lounge', 'Free High Speed Internet ( WiFi )', 'Fitness Center with Gym / Workout Room', 'Dry Cleaning', 'Business Center with Internet Access', 'Laundry Service', 'Air Conditioning', 'Bar/Lounge', 'Fitness Center with Gym / Workout Room']",/Hotel_Review-g60763-d7605857-Reviews-Aloft_Manhattan_Downtown_Financial_District-New_York_City_New_York.html
"Smyth, a Thompson Hotel",2017-12-09,2017_12_10,2,1,Booking.com,504,4.5,525,"['Fitness Center with Gym / Workout Room', 'Room Service', 'Free High Speed Internet ( WiFi )', 'Restaurant', 'Bar/Lounge', 'Room Service', 'Laundry Service', 'Concierge', 'Multilingual Staff', 'Dry Cleaning', 'Meeting Rooms', 'Minibar', 'Fitness Center with Gym / Workout Room', 'Restaurant', 'Bar/Lounge']",/Hotel_Review-g60763-d1371825-Reviews-Smyth_a_Thompson_Hotel-New_York_City_New_York.html
Millennium Hilton New York Downtown,2017-12-09,2017_12_10,2,1,Hilton.com,"4,688",4,329,"['Pool', 'Restaurant', 'Room Service', 'Fitness Center with Gym / Workout Room', 'Bar/Lounge', 'Free Internet', 'Room Service', 'Business Center with Internet Access', 'Dry Cleaning', 'Meeting Rooms', 'Laundry Service', 'Concierge', 'Banquet Room', 'Multilingual Staff', 'Conference Facilities', 'Air Conditioning', 'Minibar', 'Pool', 'Restaurant', 'Fitness Center with Gym / Workout Room', 'Bar/Lounge', 'Heated pool', 'Indoor pool']",/Hotel_Review-g60763-d262330-Reviews-Millennium_Hilton_New_York_Downtown-New_York_City_New_York.html
Hampton Inn Manhattan-Seaport-Financial District,2017-12-09,2017_12_10,2,1,Hampton.com,"1,070",4,296,"['Free High Speed Internet ( WiFi )', 'Fitness Center with Gym / Workout Room', 'Breakfast included', 'Breakfast included', 'Multilingual Staff', 'Dry Cleaning', 'Meeting Rooms', 'Business Center with Internet Access', 'Laundry Service', 'Fitness Center with Gym / Workout Room']",/Hotel_Review-g60763-d277882-Reviews-Hampton_Inn_Manhattan_Seaport_Financial_District-New_York_City_New_York.html
Residence Inn New York Downtown Manhattan/World Trade Center Area,2017-12-09,2017_12_10,2,1,Hotwire.com,671,4.5,290,"['Free High Speed Internet ( WiFi )', 'Breakfast included', 'Fitness Center with Gym / Workout Room', 'Breakfast included', 'Dry Cleaning', 'Meeting Rooms', 'Business Center with Internet Access', 'Laundry Service', 'Concierge', 'Multilingual Staff', 'Self-Serve Laundry', 'Air Conditioning', 'Microwave', 'Refrigerator in room', 'Fitness Center with Gym / Workout Room']",/Hotel_Review-g60763-d7182804-Reviews-Residence_Inn_New_York_Downtown_Manhattan_World_Trade_Center_Area-New_York_City_New_Yor.html
Hotel Mulberry,2017-12-09,2017_12_10,2,1,Travelocity,596,4.5,309,"['Free High Speed Internet ( WiFi )', 'Breakfast included', 'Breakfast included', 'Multilingual Staff', 'Banquet Room', 'Air Conditioning', 'Refrigerator in room']",/Hotel_Review-g60763-d1791248-Reviews-Hotel_Mulberry-New_York_City_New_York.html
Four Points by Sheraton New York Downtown,2017-12-09,2017_12_10,2,1,Booking.com,246,4,329,"['Room Service', 'Restaurant', 'Bar/Lounge', 'Free High Speed Internet ( WiFi )', 'Fitness Center with Gym / Workout Room', 'Room Service', 'Dry Cleaning', 'Business Center with Internet Access', 'Laundry Service', 'Breakfast Available', 'Air Conditioning', 'Restaurant', 'Bar/Lounge', 'Fitness Center with Gym / Workout Room']",/Hotel_Review-g60763-d7595213-Reviews-Four_Points_by_Sheraton_New_York_Downtown-New_York_City_New_York.html
W New York - Downtown,2017-12-09,2017_12_10,2,1,WHotels.com,"1,184",4,409,"['Fitness Center with Gym / Workout Room', 'Restaurant', 'Bar/Lounge', 'Room Service', 'Business Center with Internet Access', 'Dry Cleaning', 'Meeting Rooms', 'Laundry Service', 'Concierge', 'Banquet Room', 'Multilingual Staff', 'Conference Facilities', 'Room Service', 'Air Conditioning', 'Fitness Center with Gym / Workout Room', 'Restaurant', 'Bar/Lounge']",/Hotel_Review-g60763-d1462005-Reviews-W_New_York_Downtown-New_York_City_New_York.html
SoHo Garden Hotel,2017-12-09,2017_12_10,2,1,Hotwire.com,423,3.5,491,"['Free High Speed Internet ( WiFi )', 'Babysitting', 'Air Conditioning']",/Hotel_Review-g60763-d3168954-Reviews-SoHo_Garden_Hotel-New_York_City_New_York.html
"Club Quarters Hotel, World Trade Center",2017-12-09,2017_12_10,2,1,Travelocity,"1,516",4.5,296,"['Free High Speed Internet ( WiFi )', 'Restaurant', 'Bar/Lounge', 'Room Service', 'Fitness Center with Gym / Workout Room', 'Business Center with Internet Access', 'Room Service', 'Dry Cleaning', 'Meeting Rooms', 'Laundry Service', 'Concierge', 'Multilingual Staff', 'Conference Facilities', 'Self-Serve Laundry', 'Air Conditioning', 'Refrigerator in room', 'Restaurant', 'Bar/Lounge', 'Fitness Center with Gym / Workout Room']",/Hotel_Review-g60763-d1595302-Reviews-Club_Quarters_Hotel_World_Trade_Center-New_York_City_New_York.html
World Center Hotel,2017-12-09,2017_12_10,2,1,Hotwire.com,945,4.5,296,"['Free High Speed Internet ( WiFi )', 'Restaurant', 'Room Service', 'Fitness Center with Gym / Workout Room', 'Bar/Lounge', 'Room Service', 'Meeting Rooms', 'Business Center with Internet Access', 'Laundry Service', 'Multilingual Staff', 'Dry Cleaning', 'Concierge', 'Self-Serve Laundry', 'Conference Facilities', 'Air Conditioning', 'Refrigerator in room', 'Restaurant', 'Fitness Center with Gym / Workout Room', 'Bar/Lounge']",/Hotel_Review-g60763-d1553789-Reviews-World_Center_Hotel-New_York_City_New_York.html
Fairfield Inn New York Manhattan/Financial District,2017-12-09,2017_12_10,2,1,Hotwire.com,413,4,290,"['Free High Speed Internet ( WiFi )', 'Breakfast included', 'Fitness Center with Gym / Workout Room', 'Breakfast included', 'Dry Cleaning', 'Business Center with Internet Access', 'Laundry Service', 'Multilingual Staff', 'Air Conditioning', 'Fitness Center with Gym / Workout Room']",/Hotel_Review-g60763-d6877735-Reviews-Fairfield_Inn_New_York_Manhattan_Financial_District-New_York_City_New_York.html
11 Howard,2017-12-09,2017_12_10,2,1,Travelocity,543,4.5,459,"['Room Service', 'Restaurant', 'Bar/Lounge', 'Free High Speed Internet ( WiFi )', 'Fitness Center with Gym / Workout Room', 'Room Service', 'Dry Cleaning', 'Meeting Rooms', 'Business Center with Internet Access', 'Laundry Service', 'Concierge', 'Air Conditioning', 'Refrigerator in room', 'Restaurant', 'Bar/Lounge', 'Fitness Center with Gym / Workout Room']",/Hotel_Review-g60763-d10040329-Reviews-11_Howard-New_York_City_New_York.html
Sheraton Tribeca New York Hotel,2017-12-09,2017_12_10,2,1,Travelocity,"2,003",4,319,"['Restaurant', 'Fitness Center with Gym / Workout Room', 'Bar/Lounge', 'Room Service', 'Free Internet', 'Business Center with Internet Access', 'Room Service', 'Dry Cleaning', 'Meeting Rooms', 'Laundry Service', 'Concierge', 'Multilingual Staff', 'Conference Facilities', 'Breakfast Available', 'Air Conditioning', 'Restaurant', 'Fitness Center with Gym / Workout Room', 'Bar/Lounge']",/Hotel_Review-g60763-d1783324-Reviews-Sheraton_Tribeca_New_York_Hotel-New_York_City_New_York.html
Hilton Garden Inn New York/Tribeca,2017-12-09,2017_12_10,2,1,GardenInn.com,"1,467",4,368,"['Restaurant', 'Fitness Center with Gym / Workout Room', 'Bar/Lounge', 'Free High Speed Internet ( WiFi )', 'Room Service', 'Business Center with Internet Access', 'Dry Cleaning', 'Laundry Service', 'Concierge', 'Multilingual Staff', 'Room Service', 'Meeting Rooms', 'Microwave', 'Restaurant', 'Fitness Center with Gym / Workout Room', 'Bar/Lounge']",/Hotel_Review-g60763-d632551-Reviews-Hilton_Garden_Inn_New_York_Tribeca-New_York_City_New_York.html
NOMO SOHO Hotel,2017-12-09,2017_12_10,2,1,Preferred Hotels,"1,053",4,446,"['Restaurant', 'Free High Speed Internet ( WiFi )', 'Room Service', 'Bar/Lounge', 'Fitness Center with Gym / Workout Room', 'Room Service', 'Dry Cleaning', 'Concierge', 'Multilingual Staff', 'Meeting Rooms', 'Banquet Room', 'Air Conditioning', 'Refrigerator in room', 'Minibar', 'Restaurant', 'Bar/Lounge', 'Fitness Center with Gym / Workout Room']",/Hotel_Review-g60763-d1786395-Reviews-NOMO_SOHO_Hotel-New_York_City_New_York.html
Holiday Inn Manhattan - Financial District,2017-12-09,2017_12_10,2,1,HolidayInn.com,"1,316",4,304,"['Free High Speed Internet ( WiFi )', 'Room Service', 'Restaurant', 'Bar/Lounge', 'Fitness Center with Gym / Workout Room', 'Room Service', 'Dry Cleaning', 'Meeting Rooms', 'Business Center with Internet Access', 'Laundry Service', 'Concierge', 'Multilingual Staff', 'Self-Serve Laundry', 'Air Conditioning', 'Restaurant', 'Bar/Lounge', 'Fitness Center with Gym / Workout Room']",/Hotel_Review-g60763-d7014966-Reviews-Holiday_Inn_Manhattan_Financial_District-New_York_City_New_York.html
Andaz Wall Street,2017-12-09,2017_12_10,2,1,Prestigia.com,"2,996",4.5,327,"['Free High Speed Internet ( WiFi )', 'Fitness Center with Gym / Workout Room', 'Restaurant', 'Bar/Lounge', 'Spa', 'Room Service', 'Room Service', 'Airport Transportation', 'Dry Cleaning', 'Meeting Rooms', 'Laundry Service', 'Concierge', 'Banquet Room', 'Multilingual Staff', 'Conference Facilities', 'Self-Serve Laundry', 'Air Conditioning', 'Minibar', 'Fitness Center with Gym / Workout Room', 'Restaurant', 'Bar/Lounge', 'Spa']",/Hotel_Review-g60763-d1485961-Reviews-Andaz_Wall_Street-New_York_City_New_York.html
The Leon Hotel,2017-12-09,2017_12_10,2,1,Booking.com,397,4.5,357,"['Free High Speed Internet ( WiFi )', 'Air Conditioning']",/Hotel_Review-g60763-d6555841-Reviews-The_Leon_Hotel-New_York_City_New_York.html
Solita Soho Hotel,2017-12-09,2017_12_10,2,1,Booking.com,481,4,369,"['Bar/Lounge', 'Spa', 'Free High Speed Internet ( WiFi )', 'Fitness Center with Gym / Workout Room', 'Dry Cleaning', 'Laundry Service', 'Multilingual Staff', 'Self-Serve Laundry', 'Air Conditioning', 'Bar/Lounge', 'Spa', 'Fitness Center with Gym / Workout Room']",/Hotel_Review-g60763-d488793-Reviews-Solita_Soho_Hotel-New_York_City_New_York.html
Soho Grand Hotel,2017-12-09,2017_12_10,2,1,Hotwire.com,"3,019",4,422,"['Room Service', 'Free High Speed Internet ( WiFi )', 'Fitness Center with Gym / Workout Room', 'Restaurant', 'Bar/Lounge', 'Room Service', 'Dry Cleaning', 'Meeting Rooms', 'Laundry Service', 'Concierge', 'Air Conditioning', 'Minibar', 'Fitness Center with Gym / Workout Room', 'Restaurant', 'Bar/Lounge']",/Hotel_Review-g60763-d93561-Reviews-Soho_Grand_Hotel-New_York_City_New_York.html
Wyndham Garden Chinatown,2017-12-09,2017_12_10,2,1,Booking.com,"1,582",4.5,399,"['Free High Speed Internet ( WiFi )', 'Restaurant', 'Room Service', 'Bar/Lounge', 'Fitness Center with Gym / Workout Room', 'Room Service', 'Dry Cleaning', 'Meeting Rooms', 'Business Center with Internet Access', 'Laundry Service', 'Multilingual Staff', 'Concierge', 'Banquet Room', 'Conference Facilities', 'Air Conditioning', 'Refrigerator in room', 'Restaurant', 'Bar/Lounge', 'Fitness Center with Gym / Workout Room']",/Hotel_Review-g60763-d2622936-Reviews-Wyndham_Garden_Chinatown-New_York_City_New_York.html
The James New York - SoHo,2017-12-09,2017_12_10,2,1,The James New York,"1,432",4.5,515,"['Free High Speed Internet ( WiFi )', 'Fitness Center with Gym / Workout Room', 'Room Service', 'Restaurant', 'Bar/Lounge', 'Pool', 'Room Service', 'Business Center with Internet Access', 'Dry Cleaning', 'Laundry Service', 'Concierge', 'Multilingual Staff', 'Babysitting', 'Breakfast Available', 'Fitness Center with Gym / Workout Room', 'Restaurant', 'Bar/Lounge', 'Pool']",/Hotel_Review-g60763-d1785018-Reviews-The_James_New_York_SoHo-New_York_City_New_York.html
Hampton Inn Manhattan-SoHo,2017-12-09,2017_12_10,2,1,Orbitz.com,"1,717",4,349,"['Fitness Center with Gym / Workout Room', 'Bar/Lounge', 'Free High Speed Internet ( WiFi )', 'Breakfast included', 'Breakfast included', 'Laundry Service', 'Multilingual Staff', 'Dry Cleaning', 'Meeting Rooms', 'Air Conditioning', 'Fitness Center with Gym / Workout Room', 'Bar/Lounge']",/Hotel_Review-g60763-d866615-Reviews-Hampton_Inn_Manhattan_SoHo-New_York_City_New_York.html
Sohotel,2017-12-09,2017_12_10,2,1,Booking.com,"1,302",3.5,379,"['Bar/Lounge', 'Free High Speed Internet ( WiFi )', 'Children Activities (Kid / Family Friendly)', 'Concierge', 'Breakfast Available', 'Dry Cleaning', 'Air Conditioning', 'Bar/Lounge']",/Hotel_Review-g60763-d292140-Reviews-Sohotel-New_York_City_New_York.html
The Nolitan Hotel,2017-12-09,2017_12_10,2,1,Hotwire.com,957,4.5,510,"['Free High Speed Internet ( WiFi )', 'Bar/Lounge', 'Room Service', 'Restaurant', 'Dry Cleaning', 'Laundry Service', 'Concierge', 'Multilingual Staff', 'Room Service', 'Air Conditioning', 'Bar/Lounge', 'Restaurant']",/Hotel_Review-g60763-d1746459-Reviews-The_Nolitan_Hotel-New_York_City_New_York.html
SIXTY SoHo,2017-12-09,2017_12_10,2,1,Booking.com,985,4.5,585,"['Restaurant', 'Room Service', 'Free Internet', 'Fitness Center with Gym / Workout Room', 'Bar/Lounge', 'Room Service', 'Dry Cleaning', 'Laundry Service', 'Concierge', 'Multilingual Staff', 'Meeting Rooms', 'Air Conditioning', 'Minibar', 'Restaurant', 'Fitness Center with Gym / Workout Room', 'Bar/Lounge']",/Hotel_Review-g60763-d93398-Reviews-SIXTY_SoHo-New_York_City_New_York.html
Arlo SoHo,2017-12-09,2017_12_10,2,1,Booking.com,642,4.5,359,"['Restaurant', 'Bar/Lounge', 'Free High Speed Internet ( WiFi )', 'Dry Cleaning', 'Meeting Rooms', 'Business Center with Internet Access', 'Laundry Service', 'Concierge', 'Multilingual Staff', 'Conference Facilities', 'Refrigerator in room', 'Air Conditioning', 'Restaurant', 'Bar/Lounge']",/Hotel_Review-g60763-d7891458-Reviews-Arlo_SoHo-New_York_City_New_York.html
Hampton Inn Manhattan / Downtown - Financial District,2017-12-09,2017_12_10,2,1,Booking.com,579,4,350,"['Free High Speed Internet ( WiFi )', 'Breakfast included', 'Fitness Center with Gym / Workout Room', 'Breakfast included', 'Business Center with Internet Access', 'Laundry Service', 'Air Conditioning', 'Fitness Center with Gym / Workout Room']",/Hotel_Review-g60763-d3580899-Reviews-Hampton_Inn_Manhattan_Downtown_Financial_District-New_York_City_New_York.html
Hilton Garden Inn NYC Financial Center/Manhattan Downtown,2017-12-09,2017_12_10,2,1,Booking.com,28,4.5,297,"['Room Service', 'Restaurant', 'Bar/Lounge', 'Free High Speed Internet ( WiFi )', 'Fitness Center with Gym / Workout Room', 'Room Service', 'Business Center with Internet Access', 'Breakfast Available', 'Restaurant', 'Bar/Lounge', 'Fitness Center with Gym / Workout Room']",/Hotel_Review-g60763-d12297961-Reviews-Hilton_Garden_Inn_NYC_Financial_Center_Manhattan_Downtown-New_York_City_New_York.html
"The Ritz-Carlton New York, Battery Park",2017-12-09,2017_12_10,2,1,Hotwire.com,"2,228",4.5,655,"['Restaurant', 'Room Service', 'Fitness Center with Gym / Workout Room', 'Spa', 'Bar/Lounge', 'Business Center with Internet Access', 'Room Service', 'Dry Cleaning', 'Meeting Rooms', 'Laundry Service', 'Concierge', 'Banquet Room', 'Multilingual Staff', 'Conference Facilities', 'Air Conditioning', 'Restaurant', 'Fitness Center with Gym / Workout Room', 'Spa', 'Bar/Lounge']",/Hotel_Review-g60763-d222959-Reviews-The_Ritz_Carlton_New_York_Battery_Park-New_York_City_New_York.html
Trump SoHo New York,2017-12-09,2017_12_10,2,1,TrumpHotels.com,"3,139",4.5,525,"['Room Service', 'Restaurant', 'Pool', 'Fitness Center with Gym / Workout Room', 'Bar/Lounge', 'Spa', 'Free High Speed Internet ( WiFi )', 'Room Service', 'Airport Transportation', 'Dry Cleaning', 'Meeting Rooms', 'Business Center with Internet Access', 'Laundry Service', 'Concierge', 'Multilingual Staff', 'Conference Facilities', 'Breakfast Available', 'Banquet Room', 'Babysitting', 'Air Conditioning', 'Microwave', 'Minibar', 'Restaurant', 'Pool', 'Fitness Center with Gym / Workout Room', 'Bar/Lounge', 'Spa', 'Outdoor pool']",/Hotel_Review-g60763-d1456416-Reviews-Trump_SoHo_New_York-New_York_City_New_York.html
The Mercer Hotel,2017-12-09,2017_12_10,2,1,Booking.com,300,4.5,715,"['Restaurant', 'Room Service', 'Bar/Lounge', 'Free High Speed Internet ( WiFi )', 'Fitness Center with Gym / Workout Room', 'Room Service', 'Children Activities (Kid / Family Friendly)', 'Dry Cleaning', 'Business Center with Internet Access', 'Laundry Service', 'Concierge', 'Multilingual Staff', 'Breakfast Available', 'Airport Transportation', 'Babysitting', 'Air Conditioning', 'Minibar', 'Restaurant', 'Bar/Lounge', 'Fitness Center with Gym / Workout Room']",/Hotel_Review-g60763-d112053-Reviews-The_Mercer_Hotel-New_York_City_New_York.html
Doubletree Hotel Metropolitan - New York City,2017-12-09,2017_12_10,2,1,Doubletree.com,"4,915",3.5,369,"['Restaurant', 'Room Service', 'Fitness Center with Gym / Workout Room', 'Bar/Lounge', 'Free Internet', 'Room Service', 'Business Center with Internet Access', 'Dry Cleaning', 'Meeting Rooms', 'Laundry Service', 'Concierge', 'Banquet Room', 'Multilingual Staff', 'Conference Facilities', 'Air Conditioning', 'Restaurant', 'Fitness Center with Gym / Workout Room', 'Bar/Lounge']",/Hotel_Review-g60763-d93466-Reviews-Doubletree_Hotel_Metropolitan_New_York_City-New_York_City_New_York.html
DoubleTree Suites by Hilton Hotel New York City - Times Square,2017-12-09,2017_12_10,2,1,Doubletree.com,"8,166",4.5,693,"['Restaurant', 'Room Service', 'Fitness Center with Gym / Workout Room', 'Bar/Lounge', 'Free Internet', 'Business Center with Internet Access', 'Room Service', 'Dry Cleaning', 'Meeting Rooms', 'Laundry Service', 'Concierge', 'Banquet Room', 'Multilingual Staff', 'Conference Facilities', 'Air Conditioning', 'Microwave', 'Restaurant', 'Fitness Center with Gym / Workout Room', 'Bar/Lounge']",/Hotel_Review-g60763-d93352-Reviews-DoubleTree_Suites_by_Hilton_Hotel_New_York_City_Times_Square-New_York_City_New_York.html
The Lucerne Hotel,2017-12-09,2017_12_10,2,1,Booking.com,"2,429",4.5,327,"['Restaurant', 'Room Service', 'Fitness Center with Gym / Workout Room', 'Free High Speed Internet ( WiFi )', 'Room Service', 'Business Center with Internet Access', 'Dry Cleaning', 'Meeting Rooms', 'Laundry Service', 'Concierge', 'Multilingual Staff', 'Self-Serve Laundry', 'Air Conditioning', 'Restaurant', 'Fitness Center with Gym / Workout Room']",/Hotel_Review-g60763-d99281-Reviews-The_Lucerne_Hotel-New_York_City_New_York.html
Grand Hyatt New York,2017-12-09,2017_12_10,2,1,Hyatt.com,"8,948",4,404,"['Restaurant', 'Fitness Center with Gym / Workout Room', 'Bar/Lounge', 'Room Service', 'Business Center with Internet Access', 'Meeting Rooms', 'Dry Cleaning', 'Laundry Service', 'Concierge', 'Banquet Room', 'Room Service', 'Multilingual Staff', 'Conference Facilities', 'Breakfast Available', 'Air Conditioning', 'Restaurant', 'Fitness Center with Gym / Workout Room', 'Bar/Lounge']",/Hotel_Review-g60763-d93450-Reviews-Grand_Hyatt_New_York-New_York_City_New_York.html
YOTEL New York at Times Square West,2017-12-09,2017_12_10,2,1,Booking.com,"11,085",4.5,341,"['Free High Speed Internet ( WiFi )', 'Bar/Lounge', 'Restaurant', 'Fitness Center with Gym / Workout Room', 'Business Center with Internet Access', 'Dry Cleaning', 'Meeting Rooms', 'Laundry Service', 'Concierge', 'Multilingual Staff', 'Air Conditioning', 'Bar/Lounge', 'Restaurant', 'Fitness Center with Gym / Workout Room']",/Hotel_Review-g60763-d2079052-Reviews-YOTEL_New_York_at_Times_Square_West-New_York_City_New_York.html
W New York - Times Square,2017-12-09,2017_12_10,2,1,Priceline,"4,328",4,564,"['Restaurant', 'Fitness Center with Gym / Workout Room', 'Room Service', 'Free High Speed Internet ( WiFi )', 'Bar/Lounge', 'Pool', 'Room Service', 'Business Center with Internet Access', 'Meeting Rooms', 'Dry Cleaning', 'Laundry Service', 'Concierge', 'Banquet Room', 'Multilingual Staff', 'Conference Facilities', 'Restaurant', 'Fitness Center with Gym / Workout Room', 'Bar/Lounge', 'Pool']",/Hotel_Review-g60763-d235238-Reviews-W_New_York_Times_Square-New_York_City_New_York.html
Paramount Hotel Times Square New York,2017-12-09,2017_12_10,2,1,Booking.com,"4,612",3.5,396,"['Restaurant', 'Room Service', 'Bar/Lounge', 'Fitness Center with Gym / Workout Room', 'Free Internet', 'Room Service', 'Dry Cleaning', 'Meeting Rooms', 'Laundry Service', 'Concierge', 'Multilingual Staff', 'Conference Facilities', 'Air Conditioning', 'Restaurant', 'Bar/Lounge', 'Fitness Center with Gym / Workout Room']",/Hotel_Review-g60763-d93517-Reviews-Paramount_Hotel_Times_Square_New_York-New_York_City_New_York.html
Wellington Hotel,2017-12-09,2017_12_10,2,1,Booking.com,"6,992",3.5,332,"['Room Service', 'Restaurant', 'Room Service', 'Dry Cleaning', 'Laundry Service', 'Multilingual Staff', 'Concierge', 'Breakfast Available', 'Restaurant']",/Hotel_Review-g60763-d99307-Reviews-Wellington_Hotel-New_York_City_New_York.html
The Watson Hotel,2017-12-09,2017_12_10,2,1,Travelocity,"4,401",3.5,327,"['Room Service', 'Restaurant', 'Pool', 'Fitness Center with Gym / Workout Room', 'Bar/Lounge', 'Free High Speed Internet ( WiFi )', 'Room Service', 'Business Center with Internet Access', 'Airport Transportation', 'Dry Cleaning', 'Meeting Rooms', 'Concierge', 'Banquet Room', 'Multilingual Staff', 'Conference Facilities', 'Breakfast Available', 'Restaurant', 'Pool', 'Fitness Center with Gym / Workout Room', 'Bar/Lounge']",/Hotel_Review-g60763-d93344-Reviews-The_Watson_Hotel-New_York_City_New_York.html
New York Marriott Marquis,2017-12-09,2017_12_10,2,1,Booking.com,"11,259",4,814,"['Room Service', 'Restaurant', 'Fitness Center with Gym / Workout Room', 'Bar/Lounge', 'Room Service', 'Business Center with Internet Access', 'Meeting Rooms', 'Dry Cleaning', 'Laundry Service', 'Concierge', 'Banquet Room', 'Multilingual Staff', 'Conference Facilities', 'Breakfast Available', 'Air Conditioning', 'Restaurant', 'Fitness Center with Gym / Workout Room', 'Bar/Lounge']",/Hotel_Review-g60763-d93507-Reviews-New_York_Marriott_Marquis-New_York_City_New_York.html
Row NYC Hotel,2017-12-09,2017_12_10,2,1,Booking.com,"19,388",3.5,422,"['Restaurant', 'Free Internet', 'Bar/Lounge', 'Fitness Center with Gym / Workout Room', 'Dry Cleaning', 'Laundry Service', 'Concierge', 'Business Center with Internet Access', 'Multilingual Staff', 'Breakfast Available', 'Restaurant', 'Bar/Lounge', 'Fitness Center with Gym / Workout Room']",/Hotel_Review-g60763-d1938661-Reviews-Row_NYC_Hotel-New_York_City_New_York.html
NYLO New York City,2017-12-09,2017_12_10,2,1,Expedia.com,"5,405",4,439,"['Restaurant', 'Free Internet', 'Bar/Lounge', 'Fitness Center with Gym / Workout Room', 'Business Center with Internet Access', 'Dry Cleaning', 'Laundry Service', 'Concierge', 'Multilingual Staff', 'Breakfast Available', 'Air Conditioning', 'Restaurant', 'Bar/Lounge', 'Fitness Center with Gym / Workout Room', 'Tennis Court']",/Hotel_Review-g60763-d99288-Reviews-NYLO_New_York_City-New_York_City_New_York.html
Warwick New York,2017-12-09,2017_12_10,2,1,Hotwire.com,"4,418",4.5,569,"['Restaurant', 'Fitness Center with Gym / Workout Room', 'Bar/Lounge', 'Room Service', 'Business Center with Internet Access', 'Dry Cleaning', 'Meeting Rooms', 'Laundry Service', 'Concierge', 'Banquet Room', 'Multilingual Staff', 'Conference Facilities', 'Room Service', 'Breakfast Available', 'Air Conditioning', 'Refrigerator in room', 'Minibar', 'Restaurant', 'Fitness Center with Gym / Workout Room', 'Bar/Lounge']",/Hotel_Review-g60763-d112064-Reviews-Warwick_New_York-New_York_City_New_York.html
The New Yorker A Wyndham Hotel,2017-12-09,2017_12_10,2,1,Agoda.com,"11,632",4,386,"['Restaurant', 'Fitness Center with Gym / Workout Room', 'Free Internet', 'Bar/Lounge', 'Room Service', 'Business Center with Internet Access', 'Room Service', 'Dry Cleaning', 'Meeting Rooms', 'Laundry Service', 'Concierge', 'Banquet Room', 'Multilingual Staff', 'Conference Facilities', 'Air Conditioning', 'Restaurant', 'Fitness Center with Gym / Workout Room', 'Bar/Lounge']",/Hotel_Review-g60763-d122005-Reviews-The_New_Yorker_A_Wyndham_Hotel-New_York_City_New_York.html
Sofitel New York,2017-12-09,2017_12_10,2,1,Booking.com,"6,594",4.5,569,"['Restaurant', 'Fitness Center with Gym / Workout Room', 'Room Service', 'Bar/Lounge', 'Free High Speed Internet ( WiFi )', 'Room Service', 'Business Center with Internet Access', 'Dry Cleaning', 'Meeting Rooms', 'Laundry Service', 'Concierge', 'Banquet Room', 'Multilingual Staff', 'Conference Facilities', 'Air Conditioning', 'Minibar', 'Restaurant', 'Fitness Center with Gym / Workout Room', 'Bar/Lounge']",/Hotel_Review-g60763-d208454-Reviews-Sofitel_New_York-New_York_City_New_York.html
InterContinental New York Barclay,2017-12-09,2017_12_10,2,1,InterContinental,"1,161",4.5,387,"['Restaurant', 'Fitness Center with Gym / Workout Room', 'Bar/Lounge', 'Free Internet', 'Business Center with Internet Access', 'Dry Cleaning', 'Meeting Rooms', 'Laundry Service', 'Concierge', 'Banquet Room', 'Multilingual Staff', 'Conference Facilities', 'Breakfast Available', 'Air Conditioning', 'Minibar', 'Restaurant', 'Fitness Center with Gym / Workout Room', 'Bar/Lounge']",/Hotel_Review-g60763-d93462-Reviews-InterContinental_New_York_Barclay-New_York_City_New_York.html
Pod 51 Hotel,2017-12-09,2017_12_10,2,1,Expedia.com,"4,961",4,295,"['Free High Speed Internet ( WiFi )', 'Bar/Lounge', 'Concierge', 'Multilingual Staff', 'Air Conditioning', 'Bar/Lounge']",/Hotel_Review-g60763-d93358-Reviews-Pod_51_Hotel-New_York_City_New_York.html
Park Central Hotel New York,2017-12-09,2017_12_10,2,1,Expedia.com,"4,821",4,491,"['Bar/Lounge', 'Free Internet', 'Fitness Center with Gym / Workout Room', 'Dry Cleaning', 'Meeting Rooms', 'Business Center with Internet Access', 'Laundry Service', 'Concierge', 'Banquet Room', 'Multilingual Staff', 'Conference Facilities', 'Air Conditioning', 'Bar/Lounge', 'Fitness Center with Gym / Workout Room']",/Hotel_Review-g60763-d93520-Reviews-Park_Central_Hotel_New_York-New_York_City_New_York.html
The Belvedere,2017-12-09,2017_12_10,2,1,Expedia.com,"5,462",4,439,"['Fitness Center with Gym / Workout Room', 'Room Service', 'Restaurant', 'Bar/Lounge', 'Business Center with Internet Access', 'Room Service', 'Dry Cleaning', 'Meeting Rooms', 'Laundry Service', 'Concierge', 'Banquet Room', 'Multilingual Staff', 'Air Conditioning', 'Microwave', 'Refrigerator in room', 'Fitness Center with Gym / Workout Room', 'Restaurant', 'Bar/Lounge']",/Hotel_Review-g60763-d93569-Reviews-The_Belvedere-New_York_City_New_York.html
Hilton Garden Inn Times Square,2017-12-09,2017_12_10,2,1,HotelQuickly,"7,281",4.5,510,"['Restaurant', 'Fitness Center with Gym / Workout Room', 'Free Internet', 'Bar/Lounge', 'Business Center with Internet Access', 'Dry Cleaning', 'Meeting Rooms', 'Laundry Service', 'Concierge', 'Multilingual Staff', 'Conference Facilities', 'Air Conditioning', 'Microwave', 'Restaurant', 'Fitness Center with Gym / Workout Room', 'Bar/Lounge']",/Hotel_Review-g60763-d99352-Reviews-Hilton_Garden_Inn_Times_Square-New_York_City_New_York.html
New York Hilton Midtown,2017-12-09,2017_12_10,2,1,HotelsClick,"10,504",3.5,406,"['Restaurant', 'Fitness Center with Gym / Workout Room', 'Bar/Lounge', 'Business Center with Internet Access', 'Dry Cleaning', 'Meeting Rooms', 'Laundry Service', 'Concierge', 'Banquet Room', 'Multilingual Staff', 'Conference Facilities', 'Self-Serve Laundry', 'Air Conditioning', 'Restaurant', 'Fitness Center with Gym / Workout Room', 'Bar/Lounge']",/Hotel_Review-g60763-d611947-Reviews-New_York_Hilton_Midtown-New_York_City_New_York.html
Millennium Broadway New York Times Square,2017-12-09,2017_12_10,2,1,AMOMA,"5,390",4,414,"['Restaurant', 'Room Service', 'Bar/Lounge', 'Fitness Center with Gym / Workout Room', 'Room Service', 'Business Center with Internet Access', 'Dry Cleaning', 'Meeting Rooms', 'Laundry Service', 'Concierge', 'Banquet Room', 'Multilingual Staff', 'Conference Facilities', 'Air Conditioning', 'Restaurant', 'Bar/Lounge', 'Fitness Center with Gym / Workout Room']",/Hotel_Review-g60763-d93486-Reviews-Millennium_Broadway_New_York_Times_Square-New_York_City_New_York.html
Hotel Beacon,2017-12-09,2017_12_10,2,1,AMOMA,"3,665",4.5,394,"['Free High Speed Internet ( WiFi )', 'Fitness Center with Gym / Workout Room', 'Bar/Lounge', 'Business Center with Internet Access', 'Meeting Rooms', 'Dry Cleaning', 'Laundry Service', 'Concierge', 'Multilingual Staff', 'Self-Serve Laundry', 'Air Conditioning', 'Microwave', 'Refrigerator in room', 'Fitness Center with Gym / Workout Room', 'Bar/Lounge']",/Hotel_Review-g60763-d93338-Reviews-Hotel_Beacon-New_York_City_New_York.html
Crowne Plaza Times Square Manhattan,2017-12-09,2017_12_10,2,1,Cancelon,"9,780",4,589,"['Restaurant', 'Room Service', 'Fitness Center with Gym / Workout Room', 'Pool', 'Free Internet', 'Bar/Lounge', 'Room Service', 'Business Center with Internet Access', 'Airport Transportation', 'Dry Cleaning', 'Meeting Rooms', 'Laundry Service', 'Concierge', 'Banquet Room', 'Multilingual Staff', 'Conference Facilities', 'Air Conditioning', 'Restaurant', 'Fitness Center with Gym / Workout Room', 'Pool', 'Bar/Lounge', 'Indoor pool']",/Hotel_Review-g60763-d93454-Reviews-Crowne_Plaza_Times_Square_Manhattan-New_York_City_New_York.html
Hilton Garden Inn New York/Midtown Park Ave,2017-12-09,2017_12_10,2,1,GardenInn.com,"1,088",4.5,469,"['Free Internet', 'Bar/Lounge', 'Fitness Center with Gym / Workout Room', 'Room Service', 'Meeting Rooms', 'Business Center with Internet Access', 'Laundry Service', 'Room Service', 'Dry Cleaning', 'Concierge', 'Bar/Lounge', 'Fitness Center with Gym / Workout Room']",/Hotel_Review-g60763-d6510520-Reviews-Hilton_Garden_Inn_New_York_Midtown_Park_Ave-New_York_City_New_York.html
Fifty NYCâ€“an Affinia hotel,2017-12-09,2017_12_10,2,1,Booking.com,"1,382",4.5,487,"['Fitness Center with Gym / Workout Room', 'Room Service', 'Concierge', 'Multilingual Staff', 'Dry Cleaning', 'Room Service', 'Meeting Rooms', 'Business Center with Internet Access', 'Laundry Service', 'Fitness Center with Gym / Workout Room']",/Hotel_Review-g60763-d502408-Reviews-Fifty_NYC_an_Affinia_hotel-New_York_City_New_York.html
Hilton New York Grand Central,2017-12-09,2017_12_10,2,1,Hilton.com,"2,511",4,373,"['Restaurant', 'Room Service', 'Fitness Center with Gym / Workout Room', 'Free Internet', 'Bar/Lounge', 'Business Center with Internet Access', 'Room Service', 'Dry Cleaning', 'Meeting Rooms', 'Laundry Service', 'Concierge', 'Multilingual Staff', 'Conference Facilities', 'Air Conditioning', 'Restaurant', 'Fitness Center with Gym / Workout Room', 'Bar/Lounge']",/Hotel_Review-g60763-d93339-Reviews-Hilton_New_York_Grand_Central-New_York_City_New_York.html
The Time New York,2017-12-09,2017_12_10,2,1,TheTimeNY.com,448,4.5,619,"['Restaurant', 'Room Service', 'Free High Speed Internet ( WiFi )', 'Fitness Center with Gym / Workout Room', 'Bar/Lounge', 'Room Service', 'Dry Cleaning', 'Laundry Service', 'Concierge', 'Children Activities (Kid / Family Friendly)', 'Business Center with Internet Access', 'Multilingual Staff', 'Breakfast Available', 'Meeting Rooms', 'Conference Facilities', 'Air Conditioning', 'Minibar', 'Restaurant', 'Fitness Center with Gym / Workout Room', 'Bar/Lounge']",/Hotel_Review-g60763-d112062-Reviews-The_Time_New_York-New_York_City_New_York.html
The London NYC,2017-12-09,2017_12_10,2,1,Booking.com,"3,582",4.5,699,"['Restaurant', 'Free High Speed Internet ( WiFi )', 'Fitness Center with Gym / Workout Room', 'Room Service', 'Bar/Lounge', 'Business Center with Internet Access', 'Room Service', 'Dry Cleaning', 'Meeting Rooms', 'Laundry Service', 'Concierge', 'Banquet Room', 'Multilingual Staff', 'Conference Facilities', 'Breakfast Available', 'Air Conditioning', 'Microwave', 'Refrigerator in room', 'Minibar', 'Restaurant', 'Fitness Center with Gym / Workout Room', 'Bar/Lounge']",/Hotel_Review-g60763-d630409-Reviews-The_London_NYC-New_York_City_New_York.html
Novotel New York Times Square,2017-12-09,2017_12_10,2,1,Booking.com,"5,551",4.5,539,"['Restaurant', 'Fitness Center with Gym / Workout Room', 'Room Service', 'Bar/Lounge', 'Free Internet', 'Room Service', 'Business Center with Internet Access', 'Children Activities (Kid / Family Friendly)', 'Dry Cleaning', 'Meeting Rooms', 'Laundry Service', 'Concierge', 'Multilingual Staff', 'Conference Facilities', 'Air Conditioning', 'Restaurant', 'Fitness Center with Gym / Workout Room', 'Bar/Lounge', 'Tennis Court']",/Hotel_Review-g60763-d93516-Reviews-Novotel_New_York_Times_Square-New_York_City_New_York.html
Dream Downtown,2017-12-09,2017_12_10,2,1,Expedia.com,"3,612",4.5,425,"['Free High Speed Internet ( WiFi )', 'Restaurant', 'Fitness Center with Gym / Workout Room', 'Pool', 'Room Service', 'Bar/Lounge', 'Room Service', 'Children Activities (Kid / Family Friendly)', 'Airport Transportation', 'Dry Cleaning', 'Meeting Rooms', 'Business Center with Internet Access', 'Laundry Service', 'Concierge', 'Banquet Room', 'Multilingual Staff', 'Conference Facilities', 'Breakfast Available', 'Air Conditioning', 'Minibar', 'Restaurant', 'Fitness Center with Gym / Workout Room', 'Pool', 'Bar/Lounge', 'Heated pool', 'Outdoor pool']",/Hotel_Review-g60763-d2173604-Reviews-Dream_Downtown-New_York_City_New_York.html
The Westin New York at Times Square,2017-12-09,2017_12_10,2,1,Booking.com,"2,679",4,584,"['Restaurant', 'Room Service', 'Fitness Center with Gym / Workout Room', 'Bar/Lounge', 'Pool', 'Room Service', 'Business Center with Internet Access', 'Meeting Rooms', 'Dry Cleaning', 'Laundry Service', 'Concierge', 'Banquet Room', 'Multilingual Staff', 'Conference Facilities', 'Restaurant', 'Fitness Center with Gym / Workout Room', 'Bar/Lounge', 'Pool']",/Hotel_Review-g60763-d249712-Reviews-The_Westin_New_York_at_Times_Square-New_York_City_New_York.html
Residence Inn New York Manhattan/Times Square,2017-12-09,2017_12_10,2,1,Booking.com,"2,422",4.5,589,"['Free High Speed Internet ( WiFi )', 'Fitness Center with Gym / Workout Room', 'Breakfast included', 'Bar/Lounge', 'Business Center with Internet Access', 'Breakfast included', 'Dry Cleaning', 'Meeting Rooms', 'Laundry Service', 'Banquet Room', 'Self-Serve Laundry', 'Conference Facilities', 'Air Conditioning', 'Microwave', 'Refrigerator in room', 'Fitness Center with Gym / Workout Room', 'Bar/Lounge']",/Hotel_Review-g60763-d578305-Reviews-Residence_Inn_New_York_Manhattan_Times_Square-New_York_City_New_York.html
Millennium Hilton New York One UN Plaza,2017-12-09,2017_12_10,2,1,Priceline,368,4,459,"['Free High Speed Internet ( WiFi )', 'Restaurant', 'Fitness Center with Gym / Workout Room', 'Room Service', 'Bar/Lounge', 'Room Service', 'Business Center with Internet Access', 'Dry Cleaning', 'Meeting Rooms', 'Laundry Service', 'Concierge', 'Banquet Room', 'Multilingual Staff', 'Conference Facilities', 'Air Conditioning', 'Restaurant', 'Fitness Center with Gym / Workout Room', 'Bar/Lounge', 'Indoor pool']",/Hotel_Review-g60763-d209382-Reviews-Millennium_Hilton_New_York_One_UN_Plaza-New_York_City_New_York.html
"The Standard, East Village",2017-12-09,2017_12_10,2,1,Priceline,711,4.5,449,"['Room Service', 'Restaurant', 'Free High Speed Internet ( WiFi )', 'Room Service', 'Dry Cleaning', 'Laundry Service', 'Concierge', 'Multilingual Staff', 'Air Conditioning', 'Minibar', 'Restaurant']",/Hotel_Review-g60763-d1149402-Reviews-The_Standard_East_Village-New_York_City_New_York.html
JW Marriott Essex House New York,2017-12-09,2017_12_10,2,1,Expedia.com,"1,793",4,1119,"['Restaurant', 'Fitness Center with Gym / Workout Room', 'Room Service', 'Bar/Lounge', 'Spa', 'Room Service', 'Business Center with Internet Access', 'Airport Transportation', 'Dry Cleaning', 'Meeting Rooms', 'Laundry Service', 'Concierge', 'Banquet Room', 'Multilingual Staff', 'Conference Facilities', 'Breakfast Available', 'Restaurant', 'Fitness Center with Gym / Workout Room', 'Bar/Lounge', 'Spa']",/Hotel_Review-g60763-d455186-Reviews-JW_Marriott_Essex_House_New_York-New_York_City_New_York.html
Omni Berkshire Place,2017-12-09,2017_12_10,2,1,Booking.com,"3,986",4.5,521,"['Restaurant', 'Room Service', 'Fitness Center with Gym / Workout Room', 'Bar/Lounge', 'Free Internet', 'Room Service', 'Business Center with Internet Access', 'Meeting Rooms', 'Dry Cleaning', 'Laundry Service', 'Concierge', 'Banquet Room', 'Multilingual Staff', 'Conference Facilities', 'Air Conditioning', 'Restaurant', 'Fitness Center with Gym / Workout Room', 'Bar/Lounge']",/Hotel_Review-g60763-d113300-Reviews-Omni_Berkshire_Place-New_York_City_New_York.html
The Jewel facing Rockefeller Center,2017-12-09,2017_12_10,2,1,Booking.com,"1,919",4.5,440,"['Free High Speed Internet ( WiFi )', 'Fitness Center with Gym / Workout Room', 'Bar/Lounge', 'Laundry Service', 'Multilingual Staff', 'Self-Serve Laundry', 'Dry Cleaning', 'Meeting Rooms', 'Business Center with Internet Access', 'Concierge', 'Breakfast Available', 'Air Conditioning', 'Refrigerator in room', 'Fitness Center with Gym / Workout Room', 'Bar/Lounge']",/Hotel_Review-g60763-d1913413-Reviews-The_Jewel_facing_Rockefeller_Center-New_York_City_New_York.html
Holiday Inn Express New York City - Chelsea,2017-12-09,2017_12_10,2,1,Booking.com,"2,053",4,424,"['Free High Speed Internet ( WiFi )', 'Fitness Center with Gym / Workout Room', 'Breakfast included', 'Business Center with Internet Access', 'Breakfast included', 'Dry Cleaning', 'Laundry Service', 'Concierge', 'Multilingual Staff', 'Air Conditioning', 'Fitness Center with Gym / Workout Room']",/Hotel_Review-g60763-d630950-Reviews-Holiday_Inn_Express_New_York_City_Chelsea-New_York_City_New_York.html
Doubletree By Hilton - Times Square South,2017-12-09,2017_12_10,2,1,Orbitz.com,"1,967",3.5,382,"['Restaurant', 'Fitness Center with Gym / Workout Room', 'Room Service', 'Free High Speed Internet ( WiFi )', 'Bar/Lounge', 'Room Service', 'Business Center with Internet Access', 'Dry Cleaning', 'Meeting Rooms', 'Laundry Service', 'Concierge', 'Multilingual Staff', 'Restaurant', 'Fitness Center with Gym / Workout Room', 'Bar/Lounge']",/Hotel_Review-g60763-d1149404-Reviews-Doubletree_By_Hilton_Times_Square_South-New_York_City_New_York.html
Hotel Edison Times Square,2017-12-09,2017_12_10,2,1,HotelQuickly,"9,819",3.5,320,"['Bar/Lounge', 'Fitness Center with Gym / Workout Room', 'Business Center with Internet Access', 'Dry Cleaning', 'Laundry Service', 'Concierge', 'Multilingual Staff', 'Bar/Lounge', 'Fitness Center with Gym / Workout Room']",/Hotel_Review-g60763-d93437-Reviews-Hotel_Edison_Times_Square-New_York_City_New_York.html
Hotel Mela,2017-12-09,2017_12_10,2,1,Elvoline,"4,112",4,529,"['Fitness Center with Gym / Workout Room', 'Room Service', 'Free High Speed Internet ( WiFi )', 'Restaurant', 'Room Service', 'Dry Cleaning', 'Laundry Service', 'Concierge', 'Multilingual Staff', 'Air Conditioning', 'Minibar', 'Fitness Center with Gym / Workout Room', 'Restaurant']",/Hotel_Review-g60763-d612263-Reviews-Hotel_Mela-New_York_City_New_York.html
Distrikt Hotel New York City,2017-12-09,2017_12_10,2,1,AMOMA,"5,398",4.5,351,"['Free High Speed Internet ( WiFi )', 'Restaurant', 'Bar/Lounge', 'Laundry Service', 'Concierge', 'Multilingual Staff', 'Airport Transportation', 'Dry Cleaning', 'Breakfast Available', 'Air Conditioning', 'Refrigerator in room', 'Restaurant', 'Bar/Lounge']",/Hotel_Review-g60763-d1503474-Reviews-Distrikt_Hotel_New_York_City-New_York_City_New_York.html
